2026-08-05 09:07:15,321 [INFO] ====================================================================
2026-08-05 09:07:15,321 [INFO]   IHP v5.1 — CYCLE UNIQUE
2026-08-05 09:07:15,321 [INFO]   MODE            : PAPER (aucun ordre reel)
2026-08-05 09:07:15,322 [INFO]   Levier          : x40 | SL : DESACTIVE
2026-08-05 09:07:15,322 [INFO]   Marge par trade : 2.5% (plafond 50.0 USDT)
2026-08-05 09:07:15,322 [INFO]   Consensus min   : 65.0%
2026-08-05 09:07:15,322 [INFO]   TimesFM         : strict=True | conf min=55%
2026-08-05 09:07:15,322 [INFO]   Duree max trade : 24.0 h
2026-08-05 09:07:15,322 [INFO] ====================================================================
2026-08-05 09:07:15,322 [INFO] [STATE] Aucun etat precedent — demarrage a neuf.
2026-08-05 09:07:15,322 [INFO] [TimesFM] Chargement du modele Google TimesFM 2.5...
2026-08-05 09:07:15,322 [INFO] [TimesFM] Chargement du modele Google TimesFM 2.5...
2026-08-05 09:07:15,322 [INFO] [TimesFM] Repo : google/timesfm-2.5-200m-pytorch
2026-08-05 09:07:17,171 [INFO] HTTP Request: HEAD https://huggingface.co/google/timesfm-2.5-200m-pytorch/resolve/main/config.json "HTTP/1.1 307 Temporary Redirect"
2026-08-05 09:07:17,184 [INFO] HTTP Request: HEAD https://huggingface.co/api/resolve-cache/models/google/timesfm-2.5-200m-pytorch/1d952420fba87f3c6dee4f240de0f1a0fbc790e3/config.json "HTTP/1.1 200 OK"
2026-08-05 09:07:17,184 [INFO] Downloading checkpoint from Hugging Face repo google/timesfm-2.5-200m-pytorch
2026-08-05 09:07:17,270 [INFO] HTTP Request: HEAD https://huggingface.co/google/timesfm-2.5-200m-pytorch/resolve/main/model.safetensors "HTTP/1.1 302 Found"
2026-08-05 09:07:17,271 [WARNING] Warning: You are sending unauthenticated requests to the HF Hub. Please set a HF_TOKEN to enable higher rate limits and faster downloads.
2026-08-05 09:07:18,319 [INFO] Loading checkpoint from: /home/runner/.cache/huggingface/hub/models--google--timesfm-2.5-200m-pytorch/snapshots/1d952420fba87f3c6dee4f240de0f1a0fbc790e3/model.safetensors
2026-08-05 09:07:18,425 [INFO] [TimesFM] Compilation du modele (ForecastConfig par defaut)...
2026-08-05 09:07:18,425 [INFO] When compiling, max horizon needs to be multiple of the output patch size 128. Using max horizon = 128 instead.
2026-08-05 09:07:18,425 [INFO] [TimesFM] MODELE COMPILE ET PRET — JUGE FINAL ACTIF
2026-08-05 09:07:18,425 [INFO] [TimesFM] Modele pret.
2026-08-05 09:07:18,426 [INFO] 🔍 Scan des volumes du marché Futures MEXC...
2026-08-05 09:07:18,646 [INFO] ✅ 75 paires sélectionnées par volume :
2026-08-05 09:07:18,646 [INFO]    1. 🔥 BTC_USDT           4,983M USDT/24h
2026-08-05 09:07:18,646 [INFO]    2. 🔥 ETH_USDT           2,115M USDT/24h
2026-08-05 09:07:18,646 [INFO]    3. 🔥 SOL_USDT           990M USDT/24h
2026-08-05 09:07:18,646 [INFO]    4. ⭐ HYPE_USDT          266M USDT/24h
2026-08-05 09:07:18,646 [INFO]    5. ⭐ XRP_USDT           187M USDT/24h
2026-08-05 09:07:18,646 [INFO]    6. ⭐ ZEC_USDT           160M USDT/24h
2026-08-05 09:07:18,646 [INFO]    7. ✅ AVAX_USDT          74M USDT/24h
2026-08-05 09:07:18,646 [INFO]    8. ✅ SUI_USDT           73M USDT/24h
2026-08-05 09:07:18,646 [INFO]    9. ✅ TAO_USDT           68M USDT/24h
2026-08-05 09:07:18,646 [INFO]   10. ✅ DOGE_USDT          56M USDT/24h
2026-08-05 09:07:18,646 [INFO]   11. ✅ SKYAI_USDT         46M USDT/24h
2026-08-05 09:07:18,646 [INFO]   12. ✅ WLD_USDT           45M USDT/24h
2026-08-05 09:07:18,647 [INFO]   13. ✅ LINK_USDT          37M USDT/24h
2026-08-05 09:07:18,647 [INFO]   14. ✅ AAVE_USDT          36M USDT/24h
2026-08-05 09:07:18,647 [INFO]   15. ✅ ARB_USDT           35M USDT/24h
2026-08-05 09:07:18,647 [INFO]   16. ✅ ADA_USDT           35M USDT/24h
2026-08-05 09:07:18,647 [INFO]   17. ✅ BLESS_USDT         32M USDT/24h
2026-08-05 09:07:18,647 [INFO]   18. ✅ CYS_USDT           32M USDT/24h
2026-08-05 09:07:18,647 [INFO]   19. ✅ BANK_USDT          30M USDT/24h
2026-08-05 09:07:18,647 [INFO]   20. ✅ ONDO_USDT          26M USDT/24h
2026-08-05 09:07:18,647 [INFO]   21. ✅ BEAT_USDT          26M USDT/24h
2026-08-05 09:07:18,647 [INFO]   22. ✅ XLM_USDT           24M USDT/24h
2026-08-05 09:07:18,647 [INFO]   23. ✅ UNI_USDT           22M USDT/24h
2026-08-05 09:07:18,647 [INFO]   24. ✅ BNB_USDT           21M USDT/24h
2026-08-05 09:07:18,647 [INFO]   25. ✅ DOT_USDT           20M USDT/24h
2026-08-05 09:07:18,647 [INFO]   26. ✅ UB_USDT            19M USDT/24h
2026-08-05 09:07:18,647 [INFO]   27. ✅ HEI_USDT           18M USDT/24h
2026-08-05 09:07:18,647 [INFO]   28. ✅ ENA_USDT           17M USDT/24h
2026-08-05 09:07:18,647 [INFO]   29. ✅ BICO_USDT          17M USDT/24h
2026-08-05 09:07:18,647 [INFO]   30. ✅ FET_USDT           15M USDT/24h
2026-08-05 09:07:18,648 [INFO]   31. ✅ UAI_USDT           14M USDT/24h
2026-08-05 09:07:18,648 [INFO]   32. ✅ HOME_USDT          14M USDT/24h
2026-08-05 09:07:18,648 [INFO]   33. ✅ FARTCOIN_USDT      12M USDT/24h
2026-08-05 09:07:18,648 [INFO]   34. ✅ LDO_USDT           12M USDT/24h
2026-08-05 09:07:18,648 [INFO]   35. ✅ ATOM_USDT          10M USDT/24h
2026-08-05 09:07:18,648 [INFO]   36. ✅ OP_USDT            9M USDT/24h
2026-08-05 09:07:18,648 [INFO]   37. ✅ BTW_USDT           9M USDT/24h
2026-08-05 09:07:18,648 [INFO]   38. ✅ PENGU_USDT         8M USDT/24h
2026-08-05 09:07:18,648 [INFO]   39. ✅ AKE_USDT           8M USDT/24h
2026-08-05 09:07:18,648 [INFO]   40. ✅ ASTER_USDT         7M USDT/24h
2026-08-05 09:07:18,648 [INFO]   41. ✅ NEAR_USDT          7M USDT/24h
2026-08-05 09:07:18,648 [INFO]   42. ✅ GRVT_USDT          7M USDT/24h
2026-08-05 09:07:18,648 [INFO]   43. ✅ ETHFI_USDT         6M USDT/24h
2026-08-05 09:07:18,648 [INFO]   44. ✅ LTC_USDT           6M USDT/24h
2026-08-05 09:07:18,648 [INFO]   45. ✅ XPL_USDT           6M USDT/24h
2026-08-05 09:07:18,648 [INFO]   46. ✅ SEI_USDT           5M USDT/24h
2026-08-05 09:07:18,648 [INFO]   47. ✅ DYDX_USDT          5M USDT/24h
2026-08-05 09:07:18,648 [INFO]   48. ✅ HBAR_USDT          5M USDT/24h
2026-08-05 09:07:18,648 [INFO]   49. ✅ INJ_USDT           5M USDT/24h
2026-08-05 09:07:18,648 [INFO]   50. ✅ RENDER_USDT        4M USDT/24h
2026-08-05 09:07:18,649 [INFO]   51. ✅ COTI_USDT          4M USDT/24h
2026-08-05 09:07:18,649 [INFO]   52. ✅ TRX_USDT           4M USDT/24h
2026-08-05 09:07:18,649 [INFO]   53. ✅ CATE_USDT          4M USDT/24h
2026-08-05 09:07:18,649 [INFO]   54. ✅ ORDI_USDT          4M USDT/24h
2026-08-05 09:07:18,649 [INFO]   55. ✅ APT_USDT           4M USDT/24h
2026-08-05 09:07:18,649 [INFO]   56. ✅ SYN_USDT           4M USDT/24h
2026-08-05 09:07:18,649 [INFO]   57. ✅ ALGO_USDT          4M USDT/24h
2026-08-05 09:07:18,649 [INFO]   58. ✅ KAITO_USDT         3M USDT/24h
2026-08-05 09:07:18,649 [INFO]   59. ✅ PAXG_USDT          3M USDT/24h
2026-08-05 09:07:18,649 [INFO]   60. ✅ WIF_USDT           3M USDT/24h
2026-08-05 09:07:18,649 [INFO]   61. ✅ PIPPIN_USDT        3M USDT/24h
2026-08-05 09:07:18,649 [INFO]   62. ✅ VELVET_USDT        3M USDT/24h
2026-08-05 09:07:18,649 [INFO]   63. ✅ HFT_USDT           3M USDT/24h
2026-08-05 09:07:18,649 [INFO]   64. ✅ DEXE_USDT          3M USDT/24h
2026-08-05 09:07:18,649 [INFO]   65. ✅ POL_USDT           3M USDT/24h
2026-08-05 09:07:18,649 [INFO]   66. ✅ BCH_USDT           3M USDT/24h
2026-08-05 09:07:18,649 [INFO]   67. ✅ XMR_USDT           2M USDT/24h
2026-08-05 09:07:18,649 [INFO]   68. ✅ ZRO_USDT           2M USDT/24h
2026-08-05 09:07:18,649 [INFO]   69. ✅ TIA_USDT           2M USDT/24h
2026-08-05 09:07:18,649 [INFO]   70. ✅ ON_USDT            2M USDT/24h
2026-08-05 09:07:18,649 [INFO]   71. ✅ ALLO_USDT          2M USDT/24h
2026-08-05 09:07:18,649 [INFO]   72. ✅ GIGGLE_USDT        2M USDT/24h
2026-08-05 09:07:18,649 [INFO]   73. ✅ AAPU_USDT          2M USDT/24h
2026-08-05 09:07:18,649 [INFO]   74. ✅ VIRTUAL_USDT       2M USDT/24h
2026-08-05 09:07:18,649 [INFO]   75. ✅ JASMY_USDT         2M USDT/24h
2026-08-05 09:07:18,650 [INFO] Paires a scanner : 75
2026-08-05 09:07:18,895 [INFO] Balance MEXC : 18.96 USDT | Equity: 18.96
2026-08-05 09:07:18,895 [INFO] Scan de 75 paires (desequilibre 6 exchanges d'abord)...
2026-08-05 09:07:27,306 [ERROR] [Klines Spot] PAXG_USDT 4h: 400 Client Error: Bad Request for url: https://api.mexc.com/api/v3/klines?symbol=PAXGUSDT&interval=4h&limit=200
2026-08-05 09:07:29,054 [ERROR] [Klines Spot] AAPU_USDT 4h: 400 Client Error: Bad Request for url: https://api.mexc.com/api/v3/klines?symbol=AAPUUSDT&interval=4h&limit=200
2026-08-05 09:07:30,763 [INFO] Aucun signal valide sur ce cycle.
2026-08-05 09:07:30,763 [INFO] 
====================================================================
2026-08-05 09:07:30,763 [INFO]   PAPER TRADING — aucun trade cloture pour l'instant
2026-08-05 09:07:30,763 [INFO]   Positions simulees en cours : 0
2026-08-05 09:07:30,763 [INFO] ====================================================================
2026-08-05 09:25:43,571 [INFO] ====================================================================
2026-08-05 09:25:43,571 [INFO]   IHP v5.1 — CYCLE UNIQUE
2026-08-05 09:25:43,571 [INFO]   MODE            : PAPER (aucun ordre reel)
2026-08-05 09:25:43,571 [INFO]   Levier          : x40 | SL : DESACTIVE
2026-08-05 09:25:43,571 [INFO]   Marge par trade : 2.5% (plafond 50.0 USDT)
2026-08-05 09:25:43,571 [INFO]   Consensus min   : 80.0%
2026-08-05 09:25:43,571 [INFO]   TimesFM         : strict=True | conf min=55%
2026-08-05 09:25:43,572 [INFO]   Duree max trade : 24.0 h
2026-08-05 09:25:43,572 [INFO] ====================================================================
2026-08-05 09:25:43,572 [INFO] [STATE] Charge : 0 position(s) suivie(s) | trades=0 | PnL jour=+0.00
2026-08-05 09:25:43,572 [INFO] [TimesFM] Chargement du modele Google TimesFM 2.5...
2026-08-05 09:25:43,572 [INFO] [TimesFM] Chargement du modele Google TimesFM 2.5...
2026-08-05 09:25:43,572 [INFO] [TimesFM] Repo : google/timesfm-2.5-200m-pytorch
2026-08-05 09:25:45,426 [INFO] HTTP Request: HEAD https://huggingface.co/google/timesfm-2.5-200m-pytorch/resolve/main/config.json "HTTP/1.1 307 Temporary Redirect"
2026-08-05 09:25:45,427 [WARNING] Warning: You are sending unauthenticated requests to the HF Hub. Please set a HF_TOKEN to enable higher rate limits and faster downloads.
2026-08-05 09:25:45,433 [INFO] HTTP Request: HEAD https://huggingface.co/api/resolve-cache/models/google/timesfm-2.5-200m-pytorch/1d952420fba87f3c6dee4f240de0f1a0fbc790e3/config.json "HTTP/1.1 200 OK"
2026-08-05 09:25:45,433 [INFO] Downloading checkpoint from Hugging Face repo google/timesfm-2.5-200m-pytorch
2026-08-05 09:25:45,458 [INFO] HTTP Request: HEAD https://huggingface.co/google/timesfm-2.5-200m-pytorch/resolve/main/model.safetensors "HTTP/1.1 302 Found"
2026-08-05 09:25:46,511 [INFO] Loading checkpoint from: /home/runner/.cache/huggingface/hub/models--google--timesfm-2.5-200m-pytorch/snapshots/1d952420fba87f3c6dee4f240de0f1a0fbc790e3/model.safetensors
2026-08-05 09:25:46,620 [INFO] [TimesFM] Compilation du modele (ForecastConfig par defaut)...
2026-08-05 09:25:46,620 [INFO] When compiling, max horizon needs to be multiple of the output patch size 128. Using max horizon = 128 instead.
2026-08-05 09:25:46,620 [INFO] [TimesFM] MODELE COMPILE ET PRET — JUGE FINAL ACTIF
2026-08-05 09:25:46,620 [INFO] [TimesFM] Modele pret.
2026-08-05 09:25:46,621 [INFO] 🔍 Scan des volumes du marché Futures MEXC...
2026-08-05 09:25:46,823 [INFO] ✅ 75 paires sélectionnées par volume :
2026-08-05 09:25:46,823 [INFO]    1. 🔥 BTC_USDT           5,015M USDT/24h
2026-08-05 09:25:46,823 [INFO]    2. 🔥 ETH_USDT           2,139M USDT/24h
2026-08-05 09:25:46,824 [INFO]    3. 🔥 SOL_USDT           998M USDT/24h
2026-08-05 09:25:46,824 [INFO]    4. ⭐ HYPE_USDT          268M USDT/24h
2026-08-05 09:25:46,824 [INFO]    5. ⭐ XRP_USDT           188M USDT/24h
2026-08-05 09:25:46,824 [INFO]    6. ⭐ ZEC_USDT           162M USDT/24h
2026-08-05 09:25:46,824 [INFO]    7. ✅ AVAX_USDT          74M USDT/24h
2026-08-05 09:25:46,824 [INFO]    8. ✅ SUI_USDT           73M USDT/24h
2026-08-05 09:25:46,824 [INFO]    9. ✅ TAO_USDT           69M USDT/24h
2026-08-05 09:25:46,824 [INFO]   10. ✅ DOGE_USDT          57M USDT/24h
2026-08-05 09:25:46,824 [INFO]   11. ✅ SKYAI_USDT         47M USDT/24h
2026-08-05 09:25:46,824 [INFO]   12. ✅ WLD_USDT           46M USDT/24h
2026-08-05 09:25:46,824 [INFO]   13. ✅ LINK_USDT          37M USDT/24h
2026-08-05 09:25:46,824 [INFO]   14. ✅ AAVE_USDT          37M USDT/24h
2026-08-05 09:25:46,824 [INFO]   15. ✅ ADA_USDT           35M USDT/24h
2026-08-05 09:25:46,824 [INFO]   16. ✅ ARB_USDT           35M USDT/24h
2026-08-05 09:25:46,824 [INFO]   17. ✅ BLESS_USDT         34M USDT/24h
2026-08-05 09:25:46,825 [INFO]   18. ✅ CYS_USDT           33M USDT/24h
2026-08-05 09:25:46,825 [INFO]   19. ✅ BANK_USDT          30M USDT/24h
2026-08-05 09:25:46,825 [INFO]   20. ✅ ONDO_USDT          26M USDT/24h
2026-08-05 09:25:46,825 [INFO]   21. ✅ BEAT_USDT          26M USDT/24h
2026-08-05 09:25:46,825 [INFO]   22. ✅ XLM_USDT           24M USDT/24h
2026-08-05 09:25:46,825 [INFO]   23. ✅ UNI_USDT           22M USDT/24h
2026-08-05 09:25:46,825 [INFO]   24. ✅ BNB_USDT           21M USDT/24h
2026-08-05 09:25:46,825 [INFO]   25. ✅ DOT_USDT           20M USDT/24h
2026-08-05 09:25:46,825 [INFO]   26. ✅ UB_USDT            19M USDT/24h
2026-08-05 09:25:46,825 [INFO]   27. ✅ HEI_USDT           19M USDT/24h
2026-08-05 09:25:46,825 [INFO]   28. ✅ ENA_USDT           18M USDT/24h
2026-08-05 09:25:46,825 [INFO]   29. ✅ BICO_USDT          17M USDT/24h
2026-08-05 09:25:46,825 [INFO]   30. ✅ FET_USDT           16M USDT/24h
2026-08-05 09:25:46,825 [INFO]   31. ✅ UAI_USDT           15M USDT/24h
2026-08-05 09:25:46,825 [INFO]   32. ✅ HOME_USDT          14M USDT/24h
2026-08-05 09:25:46,825 [INFO]   33. ✅ FARTCOIN_USDT      12M USDT/24h
2026-08-05 09:25:46,825 [INFO]   34. ✅ LDO_USDT           12M USDT/24h
2026-08-05 09:25:46,825 [INFO]   35. ✅ ATOM_USDT          11M USDT/24h
2026-08-05 09:25:46,825 [INFO]   36. ✅ OP_USDT            9M USDT/24h
2026-08-05 09:25:46,825 [INFO]   37. ✅ BTW_USDT           9M USDT/24h
2026-08-05 09:25:46,825 [INFO]   38. ✅ PENGU_USDT         8M USDT/24h
2026-08-05 09:25:46,825 [INFO]   39. ✅ AKE_USDT           8M USDT/24h
2026-08-05 09:25:46,826 [INFO]   40. ✅ ASTER_USDT         8M USDT/24h
2026-08-05 09:25:46,826 [INFO]   41. ✅ NEAR_USDT          8M USDT/24h
2026-08-05 09:25:46,826 [INFO]   42. ✅ GRVT_USDT          7M USDT/24h
2026-08-05 09:25:46,826 [INFO]   43. ✅ ETHFI_USDT         6M USDT/24h
2026-08-05 09:25:46,826 [INFO]   44. ✅ LTC_USDT           6M USDT/24h
2026-08-05 09:25:46,826 [INFO]   45. ✅ XPL_USDT           6M USDT/24h
2026-08-05 09:25:46,826 [INFO]   46. ✅ SEI_USDT           5M USDT/24h
2026-08-05 09:25:46,826 [INFO]   47. ✅ HBAR_USDT          5M USDT/24h
2026-08-05 09:25:46,826 [INFO]   48. ✅ DYDX_USDT          5M USDT/24h
2026-08-05 09:25:46,826 [INFO]   49. ✅ INJ_USDT           5M USDT/24h
2026-08-05 09:25:46,826 [INFO]   50. ✅ RENDER_USDT        4M USDT/24h
2026-08-05 09:25:46,826 [INFO]   51. ✅ COTI_USDT          4M USDT/24h
2026-08-05 09:25:46,826 [INFO]   52. ✅ TRX_USDT           4M USDT/24h
2026-08-05 09:25:46,826 [INFO]   53. ✅ CATE_USDT          4M USDT/24h
2026-08-05 09:25:46,826 [INFO]   54. ✅ ORDI_USDT          4M USDT/24h
2026-08-05 09:25:46,826 [INFO]   55. ✅ SYN_USDT           4M USDT/24h
2026-08-05 09:25:46,826 [INFO]   56. ✅ APT_USDT           4M USDT/24h
2026-08-05 09:25:46,826 [INFO]   57. ✅ ALGO_USDT          4M USDT/24h
2026-08-05 09:25:46,826 [INFO]   58. ✅ KAITO_USDT         3M USDT/24h
2026-08-05 09:25:46,826 [INFO]   59. ✅ VELVET_USDT        3M USDT/24h
2026-08-05 09:25:46,826 [INFO]   60. ✅ WIF_USDT           3M USDT/24h
2026-08-05 09:25:46,826 [INFO]   61. ✅ PAXG_USDT          3M USDT/24h
2026-08-05 09:25:46,826 [INFO]   62. ✅ PIPPIN_USDT        3M USDT/24h
2026-08-05 09:25:46,826 [INFO]   63. ✅ HFT_USDT           3M USDT/24h
2026-08-05 09:25:46,826 [INFO]   64. ✅ DEXE_USDT          3M USDT/24h
2026-08-05 09:25:46,826 [INFO]   65. ✅ POL_USDT           3M USDT/24h
2026-08-05 09:25:46,826 [INFO]   66. ✅ BCH_USDT           3M USDT/24h
2026-08-05 09:25:46,826 [INFO]   67. ✅ XMR_USDT           3M USDT/24h
2026-08-05 09:25:46,826 [INFO]   68. ✅ TIA_USDT           2M USDT/24h
2026-08-05 09:25:46,826 [INFO]   69. ✅ ZRO_USDT           2M USDT/24h
2026-08-05 09:25:46,826 [INFO]   70. ✅ ON_USDT            2M USDT/24h
2026-08-05 09:25:46,826 [INFO]   71. ✅ ALLO_USDT          2M USDT/24h
2026-08-05 09:25:46,827 [INFO]   72. ✅ GIGGLE_USDT        2M USDT/24h
2026-08-05 09:25:46,827 [INFO]   73. ✅ AAPU_USDT          2M USDT/24h
2026-08-05 09:25:46,827 [INFO]   74. ✅ VIRTUAL_USDT       2M USDT/24h
2026-08-05 09:25:46,827 [INFO]   75. ✅ JASMY_USDT         2M USDT/24h
2026-08-05 09:25:46,827 [INFO] Paires a scanner : 75
2026-08-05 09:25:47,299 [INFO] Balance MEXC : 18.96 USDT | Equity: 18.96
2026-08-05 09:25:47,299 [INFO] Scan de 75 paires (desequilibre 6 exchanges d'abord)...
2026-08-05 09:25:55,818 [ERROR] [Klines Spot] PAXG_USDT 4h: 400 Client Error: Bad Request for url: https://api.mexc.com/api/v3/klines?symbol=PAXGUSDT&interval=4h&limit=200
2026-08-05 09:25:57,181 [ERROR] [Klines Spot] AAPU_USDT 4h: 400 Client Error: Bad Request for url: https://api.mexc.com/api/v3/klines?symbol=AAPUUSDT&interval=4h&limit=200
2026-08-05 09:25:58,822 [INFO] Aucun signal valide sur ce cycle.
2026-08-05 09:25:58,822 [INFO] 
====================================================================
2026-08-05 09:25:58,823 [INFO]   PAPER TRADING — aucun trade cloture pour l'instant
2026-08-05 09:25:58,823 [INFO]   Positions simulees en cours : 0
2026-08-05 09:25:58,823 [INFO] ====================================================================
2026-08-05 09:33:52,190 [INFO] ====================================================================
2026-08-05 09:33:52,190 [INFO]   IHP v5.1 — CYCLE UNIQUE
2026-08-05 09:33:52,190 [INFO]   MODE            : PAPER (aucun ordre reel)
2026-08-05 09:33:52,190 [INFO]   Levier          : x40 | SL : DESACTIVE
2026-08-05 09:33:52,190 [INFO]   Marge par trade : 2.5% (plafond 50.0 USDT)
2026-08-05 09:33:52,190 [INFO]   Consensus min   : 80.0%
2026-08-05 09:33:52,190 [INFO]   TimesFM         : strict=True | conf min=55%
2026-08-05 09:33:52,190 [INFO]   Duree max trade : 24.0 h
2026-08-05 09:33:52,190 [INFO] ====================================================================
2026-08-05 09:33:52,191 [INFO] [STATE] Charge : 0 position(s) suivie(s) | trades=0 | PnL jour=+0.00
2026-08-05 09:33:52,191 [INFO] [TimesFM] Chargement du modele Google TimesFM 2.5...
2026-08-05 09:33:52,191 [INFO] [TimesFM] Chargement du modele Google TimesFM 2.5...
2026-08-05 09:33:52,191 [INFO] [TimesFM] Repo : google/timesfm-2.5-200m-pytorch
2026-08-05 09:33:54,080 [INFO] HTTP Request: HEAD https://huggingface.co/google/timesfm-2.5-200m-pytorch/resolve/main/config.json "HTTP/1.1 307 Temporary Redirect"
2026-08-05 09:33:54,085 [INFO] HTTP Request: HEAD https://huggingface.co/api/resolve-cache/models/google/timesfm-2.5-200m-pytorch/1d952420fba87f3c6dee4f240de0f1a0fbc790e3/config.json "HTTP/1.1 200 OK"
2026-08-05 09:33:54,086 [INFO] Downloading checkpoint from Hugging Face repo google/timesfm-2.5-200m-pytorch
2026-08-05 09:33:54,102 [INFO] HTTP Request: HEAD https://huggingface.co/google/timesfm-2.5-200m-pytorch/resolve/main/model.safetensors "HTTP/1.1 302 Found"
2026-08-05 09:33:54,102 [WARNING] Warning: You are sending unauthenticated requests to the HF Hub. Please set a HF_TOKEN to enable higher rate limits and faster downloads.
2026-08-05 09:33:55,148 [INFO] Loading checkpoint from: /home/runner/.cache/huggingface/hub/models--google--timesfm-2.5-200m-pytorch/snapshots/1d952420fba87f3c6dee4f240de0f1a0fbc790e3/model.safetensors
2026-08-05 09:33:55,249 [INFO] [TimesFM] Compilation du modele (ForecastConfig par defaut)...
2026-08-05 09:33:55,249 [INFO] When compiling, max horizon needs to be multiple of the output patch size 128. Using max horizon = 128 instead.
2026-08-05 09:33:55,249 [INFO] [TimesFM] MODELE COMPILE ET PRET — JUGE FINAL ACTIF
2026-08-05 09:33:55,249 [INFO] [TimesFM] Modele pret.
2026-08-05 09:33:55,249 [INFO] 🔍 Scan des volumes du marché Futures MEXC...
2026-08-05 09:33:55,449 [INFO] ✅ 75 paires sélectionnées par volume :
2026-08-05 09:33:55,449 [INFO]    1. 🔥 BTC_USDT           5,027M USDT/24h
2026-08-05 09:33:55,449 [INFO]    2. 🔥 ETH_USDT           2,147M USDT/24h
2026-08-05 09:33:55,449 [INFO]    3. 🔥 SOL_USDT           999M USDT/24h
2026-08-05 09:33:55,450 [INFO]    4. ⭐ HYPE_USDT          269M USDT/24h
2026-08-05 09:33:55,450 [INFO]    5. ⭐ XRP_USDT           189M USDT/24h
2026-08-05 09:33:55,450 [INFO]    6. ⭐ ZEC_USDT           163M USDT/24h
2026-08-05 09:33:55,450 [INFO]    7. ✅ AVAX_USDT          75M USDT/24h
2026-08-05 09:33:55,450 [INFO]    8. ✅ SUI_USDT           74M USDT/24h
2026-08-05 09:33:55,450 [INFO]    9. ✅ TAO_USDT           69M USDT/24h
2026-08-05 09:33:55,450 [INFO]   10. ✅ DOGE_USDT          57M USDT/24h
2026-08-05 09:33:55,450 [INFO]   11. ✅ SKYAI_USDT         47M USDT/24h
2026-08-05 09:33:55,450 [INFO]   12. ✅ WLD_USDT           46M USDT/24h
2026-08-05 09:33:55,450 [INFO]   13. ✅ LINK_USDT          37M USDT/24h
2026-08-05 09:33:55,450 [INFO]   14. ✅ AAVE_USDT          37M USDT/24h
2026-08-05 09:33:55,450 [INFO]   15. ✅ ADA_USDT           36M USDT/24h
2026-08-05 09:33:55,450 [INFO]   16. ✅ ARB_USDT           35M USDT/24h
2026-08-05 09:33:55,450 [INFO]   17. ✅ BLESS_USDT         34M USDT/24h
2026-08-05 09:33:55,450 [INFO]   18. ✅ CYS_USDT           33M USDT/24h
2026-08-05 09:33:55,450 [INFO]   19. ✅ BANK_USDT          30M USDT/24h
2026-08-05 09:33:55,450 [INFO]   20. ✅ ONDO_USDT          26M USDT/24h
2026-08-05 09:33:55,450 [INFO]   21. ✅ BEAT_USDT          26M USDT/24h
2026-08-05 09:33:55,451 [INFO]   22. ✅ XLM_USDT           24M USDT/24h
2026-08-05 09:33:55,451 [INFO]   23. ✅ UNI_USDT           22M USDT/24h
2026-08-05 09:33:55,451 [INFO]   24. ✅ BNB_USDT           21M USDT/24h
2026-08-05 09:33:55,451 [INFO]   25. ✅ DOT_USDT           20M USDT/24h
2026-08-05 09:33:55,451 [INFO]   26. ✅ UB_USDT            19M USDT/24h
2026-08-05 09:33:55,451 [INFO]   27. ✅ HEI_USDT           19M USDT/24h
2026-08-05 09:33:55,451 [INFO]   28. ✅ ENA_USDT           18M USDT/24h
2026-08-05 09:33:55,451 [INFO]   29. ✅ BICO_USDT          17M USDT/24h
2026-08-05 09:33:55,451 [INFO]   30. ✅ FET_USDT           16M USDT/24h
2026-08-05 09:33:55,451 [INFO]   31. ✅ UAI_USDT           15M USDT/24h
2026-08-05 09:33:55,451 [INFO]   32. ✅ HOME_USDT          14M USDT/24h
2026-08-05 09:33:55,451 [INFO]   33. ✅ FARTCOIN_USDT      12M USDT/24h
2026-08-05 09:33:55,451 [INFO]   34. ✅ LDO_USDT           12M USDT/24h
2026-08-05 09:33:55,451 [INFO]   35. ✅ ATOM_USDT          11M USDT/24h
2026-08-05 09:33:55,451 [INFO]   36. ✅ OP_USDT            9M USDT/24h
2026-08-05 09:33:55,451 [INFO]   37. ✅ BTW_USDT           9M USDT/24h
2026-08-05 09:33:55,451 [INFO]   38. ✅ PENGU_USDT         8M USDT/24h
2026-08-05 09:33:55,451 [INFO]   39. ✅ AKE_USDT           8M USDT/24h
2026-08-05 09:33:55,452 [INFO]   40. ✅ ASTER_USDT         8M USDT/24h
2026-08-05 09:33:55,452 [INFO]   41. ✅ NEAR_USDT          8M USDT/24h
2026-08-05 09:33:55,452 [INFO]   42. ✅ GRVT_USDT          7M USDT/24h
2026-08-05 09:33:55,452 [INFO]   43. ✅ ETHFI_USDT         6M USDT/24h
2026-08-05 09:33:55,452 [INFO]   44. ✅ LTC_USDT           6M USDT/24h
2026-08-05 09:33:55,452 [INFO]   45. ✅ XPL_USDT           6M USDT/24h
2026-08-05 09:33:55,452 [INFO]   46. ✅ SEI_USDT           5M USDT/24h
2026-08-05 09:33:55,452 [INFO]   47. ✅ HBAR_USDT          5M USDT/24h
2026-08-05 09:33:55,452 [INFO]   48. ✅ DYDX_USDT          5M USDT/24h
2026-08-05 09:33:55,452 [INFO]   49. ✅ INJ_USDT           5M USDT/24h
2026-08-05 09:33:55,452 [INFO]   50. ✅ RENDER_USDT        4M USDT/24h
2026-08-05 09:33:55,452 [INFO]   51. ✅ COTI_USDT          4M USDT/24h
2026-08-05 09:33:55,452 [INFO]   52. ✅ TRX_USDT           4M USDT/24h
2026-08-05 09:33:55,452 [INFO]   53. ✅ CATE_USDT          4M USDT/24h
2026-08-05 09:33:55,452 [INFO]   54. ✅ ORDI_USDT          4M USDT/24h
2026-08-05 09:33:55,452 [INFO]   55. ✅ SYN_USDT           4M USDT/24h
2026-08-05 09:33:55,452 [INFO]   56. ✅ APT_USDT           4M USDT/24h
2026-08-05 09:33:55,452 [INFO]   57. ✅ ALGO_USDT          4M USDT/24h
2026-08-05 09:33:55,452 [INFO]   58. ✅ KAITO_USDT         3M USDT/24h
2026-08-05 09:33:55,452 [INFO]   59. ✅ PAXG_USDT          3M USDT/24h
2026-08-05 09:33:55,452 [INFO]   60. ✅ WIF_USDT           3M USDT/24h
2026-08-05 09:33:55,452 [INFO]   61. ✅ VELVET_USDT        3M USDT/24h
2026-08-05 09:33:55,452 [INFO]   62. ✅ PIPPIN_USDT        3M USDT/24h
2026-08-05 09:33:55,452 [INFO]   63. ✅ HFT_USDT           3M USDT/24h
2026-08-05 09:33:55,452 [INFO]   64. ✅ DEXE_USDT          3M USDT/24h
2026-08-05 09:33:55,452 [INFO]   65. ✅ POL_USDT           3M USDT/24h
2026-08-05 09:33:55,452 [INFO]   66. ✅ BCH_USDT           3M USDT/24h
2026-08-05 09:33:55,452 [INFO]   67. ✅ XMR_USDT           3M USDT/24h
2026-08-05 09:33:55,452 [INFO]   68. ✅ TIA_USDT           2M USDT/24h
2026-08-05 09:33:55,452 [INFO]   69. ✅ ZRO_USDT           2M USDT/24h
2026-08-05 09:33:55,452 [INFO]   70. ✅ ON_USDT            2M USDT/24h
2026-08-05 09:33:55,453 [INFO]   71. ✅ ALLO_USDT          2M USDT/24h
2026-08-05 09:33:55,453 [INFO]   72. ✅ GIGGLE_USDT        2M USDT/24h
2026-08-05 09:33:55,453 [INFO]   73. ✅ AAPU_USDT          2M USDT/24h
2026-08-05 09:33:55,453 [INFO]   74. ✅ VIRTUAL_USDT       2M USDT/24h
2026-08-05 09:33:55,453 [INFO]   75. ✅ JASMY_USDT         2M USDT/24h
2026-08-05 09:33:55,453 [INFO] Paires a scanner : 75
2026-08-05 09:33:55,632 [INFO] Balance MEXC : 18.96 USDT | Equity: 18.96
2026-08-05 09:33:55,632 [INFO] Scan de 75 paires (desequilibre 6 exchanges d'abord)...
2026-08-05 09:34:04,175 [ERROR] [Klines Spot] PAXG_USDT 4h: 400 Client Error: Bad Request for url: https://api.mexc.com/api/v3/klines?symbol=PAXGUSDT&interval=4h&limit=200
2026-08-05 09:34:05,713 [ERROR] [Klines Spot] AAPU_USDT 4h: 400 Client Error: Bad Request for url: https://api.mexc.com/api/v3/klines?symbol=AAPUUSDT&interval=4h&limit=200
2026-08-05 09:34:07,400 [INFO] Aucun signal valide sur ce cycle.
2026-08-05 09:34:07,400 [INFO] 
====================================================================
2026-08-05 09:34:07,400 [INFO]   PAPER TRADING — aucun trade cloture pour l'instant
2026-08-05 09:34:07,400 [INFO]   Positions simulees en cours : 0
2026-08-05 09:34:07,400 [INFO] ====================================================================
2026-08-05 10:38:08,434 [INFO] ====================================================================
2026-08-05 10:38:08,434 [INFO]   IHP v5.1 — CYCLE UNIQUE
2026-08-05 10:38:08,434 [INFO]   MODE            : PAPER (aucun ordre reel)
2026-08-05 10:38:08,434 [INFO]   Levier          : x40 | SL : DESACTIVE
2026-08-05 10:38:08,434 [INFO]   Marge par trade : 2.5% (plafond 50.0 USDT)
2026-08-05 10:38:08,434 [INFO]   Consensus min   : 80.0%
2026-08-05 10:38:08,434 [INFO]   TimesFM         : strict=True | conf min=55%
2026-08-05 10:38:08,434 [INFO]   Duree max trade : 24.0 h
2026-08-05 10:38:08,434 [INFO] ====================================================================
2026-08-05 10:38:08,434 [INFO] [STATE] Charge : 0 position(s) suivie(s) | trades=0 | PnL jour=+0.00
2026-08-05 10:38:08,435 [INFO] [TimesFM] Chargement du modele Google TimesFM 2.5...
2026-08-05 10:38:08,435 [INFO] [TimesFM] Chargement du modele Google TimesFM 2.5...
2026-08-05 10:38:08,435 [INFO] [TimesFM] Repo : google/timesfm-2.5-200m-pytorch
2026-08-05 10:38:09,994 [INFO] HTTP Request: HEAD https://huggingface.co/google/timesfm-2.5-200m-pytorch/resolve/main/config.json "HTTP/1.1 307 Temporary Redirect"
2026-08-05 10:38:09,995 [WARNING] Warning: You are sending unauthenticated requests to the HF Hub. Please set a HF_TOKEN to enable higher rate limits and faster downloads.
2026-08-05 10:38:10,000 [INFO] HTTP Request: HEAD https://huggingface.co/api/resolve-cache/models/google/timesfm-2.5-200m-pytorch/1d952420fba87f3c6dee4f240de0f1a0fbc790e3/config.json "HTTP/1.1 200 OK"
2026-08-05 10:38:10,000 [INFO] Downloading checkpoint from Hugging Face repo google/timesfm-2.5-200m-pytorch
2026-08-05 10:38:10,106 [INFO] HTTP Request: HEAD https://huggingface.co/google/timesfm-2.5-200m-pytorch/resolve/main/model.safetensors "HTTP/1.1 302 Found"
2026-08-05 10:38:10,877 [INFO] Loading checkpoint from: /home/runner/.cache/huggingface/hub/models--google--timesfm-2.5-200m-pytorch/snapshots/1d952420fba87f3c6dee4f240de0f1a0fbc790e3/model.safetensors
2026-08-05 10:38:10,963 [INFO] [TimesFM] Compilation du modele (ForecastConfig par defaut)...
2026-08-05 10:38:10,963 [INFO] When compiling, max horizon needs to be multiple of the output patch size 128. Using max horizon = 128 instead.
2026-08-05 10:38:10,963 [INFO] [TimesFM] MODELE COMPILE ET PRET — JUGE FINAL ACTIF
2026-08-05 10:38:10,963 [INFO] [TimesFM] Modele pret.
2026-08-05 10:38:10,963 [INFO] 🔍 Scan des volumes du marché Futures MEXC...
2026-08-05 10:38:11,319 [INFO] ✅ 75 paires sélectionnées par volume :
2026-08-05 10:38:11,319 [INFO]    1. 🔥 BTC_USDT           5,075M USDT/24h
2026-08-05 10:38:11,319 [INFO]    2. 🔥 ETH_USDT           2,147M USDT/24h
2026-08-05 10:38:11,319 [INFO]    3. 🔥 SOL_USDT           1,000M USDT/24h
2026-08-05 10:38:11,319 [INFO]    4. ⭐ HYPE_USDT          268M USDT/24h
2026-08-05 10:38:11,319 [INFO]    5. ⭐ XRP_USDT           194M USDT/24h
2026-08-05 10:38:11,319 [INFO]    6. ⭐ ZEC_USDT           165M USDT/24h
2026-08-05 10:38:11,319 [INFO]    7. ✅ AVAX_USDT          74M USDT/24h
2026-08-05 10:38:11,319 [INFO]    8. ✅ SUI_USDT           74M USDT/24h
2026-08-05 10:38:11,319 [INFO]    9. ✅ TAO_USDT           69M USDT/24h
2026-08-05 10:38:11,319 [INFO]   10. ✅ DOGE_USDT          57M USDT/24h
2026-08-05 10:38:11,319 [INFO]   11. ✅ SKYAI_USDT         46M USDT/24h
2026-08-05 10:38:11,319 [INFO]   12. ✅ WLD_USDT           46M USDT/24h
2026-08-05 10:38:11,319 [INFO]   13. ✅ BLESS_USDT         39M USDT/24h
2026-08-05 10:38:11,319 [INFO]   14. ✅ AAVE_USDT          38M USDT/24h
2026-08-05 10:38:11,319 [INFO]   15. ✅ ADA_USDT           37M USDT/24h
2026-08-05 10:38:11,319 [INFO]   16. ✅ LINK_USDT          36M USDT/24h
2026-08-05 10:38:11,319 [INFO]   17. ✅ ARB_USDT           35M USDT/24h
2026-08-05 10:38:11,319 [INFO]   18. ✅ CYS_USDT           33M USDT/24h
2026-08-05 10:38:11,320 [INFO]   19. ✅ BANK_USDT          30M USDT/24h
2026-08-05 10:38:11,320 [INFO]   20. ✅ ONDO_USDT          26M USDT/24h
2026-08-05 10:38:11,320 [INFO]   21. ✅ BEAT_USDT          25M USDT/24h
2026-08-05 10:38:11,320 [INFO]   22. ✅ XLM_USDT           25M USDT/24h
2026-08-05 10:38:11,320 [INFO]   23. ✅ UNI_USDT           23M USDT/24h
2026-08-05 10:38:11,320 [INFO]   24. ✅ BNB_USDT           22M USDT/24h
2026-08-05 10:38:11,320 [INFO]   25. ✅ DOT_USDT           21M USDT/24h
2026-08-05 10:38:11,320 [INFO]   26. ✅ HEI_USDT           21M USDT/24h
2026-08-05 10:38:11,320 [INFO]   27. ✅ UB_USDT            20M USDT/24h
2026-08-05 10:38:11,320 [INFO]   28. ✅ ENA_USDT           17M USDT/24h
2026-08-05 10:38:11,320 [INFO]   29. ✅ BICO_USDT          17M USDT/24h
2026-08-05 10:38:11,320 [INFO]   30. ✅ FET_USDT           16M USDT/24h
2026-08-05 10:38:11,320 [INFO]   31. ✅ UAI_USDT           13M USDT/24h
2026-08-05 10:38:11,320 [INFO]   32. ✅ HOME_USDT          13M USDT/24h
2026-08-05 10:38:11,320 [INFO]   33. ✅ FARTCOIN_USDT      12M USDT/24h
2026-08-05 10:38:11,320 [INFO]   34. ✅ LDO_USDT           12M USDT/24h
2026-08-05 10:38:11,320 [INFO]   35. ✅ ATOM_USDT          10M USDT/24h
2026-08-05 10:38:11,320 [INFO]   36. ✅ OP_USDT            9M USDT/24h
2026-08-05 10:38:11,320 [INFO]   37. ✅ BTW_USDT           9M USDT/24h
2026-08-05 10:38:11,320 [INFO]   38. ✅ PENGU_USDT         8M USDT/24h
2026-08-05 10:38:11,320 [INFO]   39. ✅ ASTER_USDT         8M USDT/24h
2026-08-05 10:38:11,320 [INFO]   40. ✅ AKE_USDT           8M USDT/24h
2026-08-05 10:38:11,320 [INFO]   41. ✅ NEAR_USDT          7M USDT/24h
2026-08-05 10:38:11,320 [INFO]   42. ✅ GRVT_USDT          7M USDT/24h
2026-08-05 10:38:11,320 [INFO]   43. ✅ LTC_USDT           6M USDT/24h
2026-08-05 10:38:11,320 [INFO]   44. ✅ ETHFI_USDT         6M USDT/24h
2026-08-05 10:38:11,320 [INFO]   45. ✅ XPL_USDT           6M USDT/24h
2026-08-05 10:38:11,320 [INFO]   46. ✅ SEI_USDT           6M USDT/24h
2026-08-05 10:38:11,320 [INFO]   47. ✅ HBAR_USDT          6M USDT/24h
2026-08-05 10:38:11,320 [INFO]   48. ✅ DYDX_USDT          5M USDT/24h
2026-08-05 10:38:11,320 [INFO]   49. ✅ INJ_USDT           5M USDT/24h
2026-08-05 10:38:11,320 [INFO]   50. ✅ SYN_USDT           4M USDT/24h
2026-08-05 10:38:11,320 [INFO]   51. ✅ RENDER_USDT        4M USDT/24h
2026-08-05 10:38:11,321 [INFO]   52. ✅ ORDI_USDT          4M USDT/24h
2026-08-05 10:38:11,321 [INFO]   53. ✅ COTI_USDT          4M USDT/24h
2026-08-05 10:38:11,321 [INFO]   54. ✅ APT_USDT           4M USDT/24h
2026-08-05 10:38:11,321 [INFO]   55. ✅ TRX_USDT           4M USDT/24h
2026-08-05 10:38:11,321 [INFO]   56. ✅ CATE_USDT          4M USDT/24h
2026-08-05 10:38:11,321 [INFO]   57. ✅ ALGO_USDT          4M USDT/24h
2026-08-05 10:38:11,321 [INFO]   58. ✅ HFT_USDT           3M USDT/24h
2026-08-05 10:38:11,321 [INFO]   59. ✅ VELVET_USDT        3M USDT/24h
2026-08-05 10:38:11,321 [INFO]   60. ✅ KAITO_USDT         3M USDT/24h
2026-08-05 10:38:11,321 [INFO]   61. ✅ PAXG_USDT          3M USDT/24h
2026-08-05 10:38:11,321 [INFO]   62. ✅ WIF_USDT           3M USDT/24h
2026-08-05 10:38:11,321 [INFO]   63. ✅ BCH_USDT           3M USDT/24h
2026-08-05 10:38:11,321 [INFO]   64. ✅ PIPPIN_USDT        3M USDT/24h
2026-08-05 10:38:11,321 [INFO]   65. ✅ ON_USDT            3M USDT/24h
2026-08-05 10:38:11,321 [INFO]   66. ✅ POL_USDT           3M USDT/24h
2026-08-05 10:38:11,321 [INFO]   67. ✅ DEXE_USDT          3M USDT/24h
2026-08-05 10:38:11,321 [INFO]   68. ✅ XMR_USDT           3M USDT/24h
2026-08-05 10:38:11,321 [INFO]   69. ✅ TIA_USDT           3M USDT/24h
2026-08-05 10:38:11,321 [INFO]   70. ✅ ALLO_USDT          2M USDT/24h
2026-08-05 10:38:11,321 [INFO]   71. ✅ ZRO_USDT           2M USDT/24h
2026-08-05 10:38:11,321 [INFO]   72. ✅ AAPU_USDT          2M USDT/24h
2026-08-05 10:38:11,321 [INFO]   73. ✅ VIRTUAL_USDT       2M USDT/24h
2026-08-05 10:38:11,321 [INFO]   74. ✅ GIGGLE_USDT        2M USDT/24h
2026-08-05 10:38:11,321 [INFO]   75. ✅ STO_USDT           2M USDT/24h
2026-08-05 10:38:11,322 [INFO] Paires a scanner : 75
2026-08-05 10:38:11,463 [INFO] Balance MEXC : 18.96 USDT | Equity: 18.96
2026-08-05 10:38:11,464 [INFO] Scan de 75 paires (desequilibre 6 exchanges d'abord)...
2026-08-05 10:38:18,719 [ERROR] [Klines Spot] PAXG_USDT 4h: 400 Client Error: Bad Request for url: https://api.mexc.com/api/v3/klines?symbol=PAXGUSDT&interval=4h&limit=200
2026-08-05 10:38:19,977 [ERROR] [Klines Spot] AAPU_USDT 4h: 400 Client Error: Bad Request for url: https://api.mexc.com/api/v3/klines?symbol=AAPUUSDT&interval=4h&limit=200
2026-08-05 10:38:21,128 [INFO] Aucun signal valide sur ce cycle.
2026-08-05 10:38:21,128 [INFO] 
====================================================================
2026-08-05 10:38:21,128 [INFO]   PAPER TRADING — aucun trade cloture pour l'instant
2026-08-05 10:38:21,128 [INFO]   Positions simulees en cours : 0
2026-08-05 10:38:21,128 [INFO] ====================================================================
2026-08-05 11:22:53,090 [INFO] ====================================================================
2026-08-05 11:22:53,090 [INFO]   IHP v5.1 — CYCLE UNIQUE
2026-08-05 11:22:53,090 [INFO]   MODE            : PAPER (aucun ordre reel)
2026-08-05 11:22:53,090 [INFO]   Levier          : x20 | SL : DESACTIVE
2026-08-05 11:22:53,090 [INFO]   Marge par trade : 2.5% (plafond 50.0 USDT)
2026-08-05 11:22:53,090 [INFO]   Consensus min   : 80.0%
2026-08-05 11:22:53,091 [INFO]   TimesFM         : strict=True | conf min=55%
2026-08-05 11:22:53,091 [INFO]   Duree max trade : 24.0 h
2026-08-05 11:22:53,091 [INFO] ====================================================================
2026-08-05 11:22:53,091 [INFO] [STATE] Charge : 0 position(s) suivie(s) | trades=0 | PnL jour=+0.00
2026-08-05 11:22:53,091 [INFO] [TimesFM] Chargement du modele Google TimesFM 2.5...
2026-08-05 11:22:53,091 [INFO] [TimesFM] Chargement du modele Google TimesFM 2.5...
2026-08-05 11:22:53,091 [INFO] [TimesFM] Repo : google/timesfm-2.5-200m-pytorch
2026-08-05 11:22:55,042 [INFO] HTTP Request: HEAD https://huggingface.co/google/timesfm-2.5-200m-pytorch/resolve/main/config.json "HTTP/1.1 307 Temporary Redirect"
2026-08-05 11:22:55,042 [WARNING] Warning: You are sending unauthenticated requests to the HF Hub. Please set a HF_TOKEN to enable higher rate limits and faster downloads.
2026-08-05 11:22:55,048 [INFO] HTTP Request: HEAD https://huggingface.co/api/resolve-cache/models/google/timesfm-2.5-200m-pytorch/1d952420fba87f3c6dee4f240de0f1a0fbc790e3/config.json "HTTP/1.1 200 OK"
2026-08-05 11:22:55,049 [INFO] Downloading checkpoint from Hugging Face repo google/timesfm-2.5-200m-pytorch
2026-08-05 11:22:55,069 [INFO] HTTP Request: HEAD https://huggingface.co/google/timesfm-2.5-200m-pytorch/resolve/main/model.safetensors "HTTP/1.1 302 Found"
2026-08-05 11:22:56,053 [INFO] Loading checkpoint from: /home/runner/.cache/huggingface/hub/models--google--timesfm-2.5-200m-pytorch/snapshots/1d952420fba87f3c6dee4f240de0f1a0fbc790e3/model.safetensors
2026-08-05 11:22:56,150 [INFO] [TimesFM] Compilation du modele (ForecastConfig par defaut)...
2026-08-05 11:22:56,150 [INFO] When compiling, max horizon needs to be multiple of the output patch size 128. Using max horizon = 128 instead.
2026-08-05 11:22:56,150 [INFO] [TimesFM] MODELE COMPILE ET PRET — JUGE FINAL ACTIF
2026-08-05 11:22:56,150 [INFO] [TimesFM] Modele pret.
2026-08-05 11:22:56,150 [INFO] 🔍 Scan des volumes du marché Futures MEXC...
2026-08-05 11:22:56,353 [INFO] ✅ 75 paires sélectionnées par volume :
2026-08-05 11:22:56,353 [INFO]    1. 🔥 BTC_USDT           4,985M USDT/24h
2026-08-05 11:22:56,353 [INFO]    2. 🔥 ETH_USDT           2,119M USDT/24h
2026-08-05 11:22:56,353 [INFO]    3. 🔥 SOL_USDT           979M USDT/24h
2026-08-05 11:22:56,353 [INFO]    4. ⭐ HYPE_USDT          277M USDT/24h
2026-08-05 11:22:56,353 [INFO]    5. ⭐ XRP_USDT           191M USDT/24h
2026-08-05 11:22:56,353 [INFO]    6. ⭐ ZEC_USDT           164M USDT/24h
2026-08-05 11:22:56,353 [INFO]    7. ✅ SUI_USDT           73M USDT/24h
2026-08-05 11:22:56,353 [INFO]    8. ✅ AVAX_USDT          73M USDT/24h
2026-08-05 11:22:56,353 [INFO]    9. ✅ TAO_USDT           68M USDT/24h
2026-08-05 11:22:56,353 [INFO]   10. ✅ DOGE_USDT          58M USDT/24h
2026-08-05 11:22:56,353 [INFO]   11. ✅ SKYAI_USDT         46M USDT/24h
2026-08-05 11:22:56,353 [INFO]   12. ✅ WLD_USDT           44M USDT/24h
2026-08-05 11:22:56,353 [INFO]   13. ✅ BLESS_USDT         44M USDT/24h
2026-08-05 11:22:56,353 [INFO]   14. ✅ AAVE_USDT          38M USDT/24h
2026-08-05 11:22:56,353 [INFO]   15. ✅ ADA_USDT           36M USDT/24h
2026-08-05 11:22:56,353 [INFO]   16. ✅ ARB_USDT           35M USDT/24h
2026-08-05 11:22:56,353 [INFO]   17. ✅ LINK_USDT          34M USDT/24h
2026-08-05 11:22:56,353 [INFO]   18. ✅ CYS_USDT           32M USDT/24h
2026-08-05 11:22:56,353 [INFO]   19. ✅ BANK_USDT          28M USDT/24h
2026-08-05 11:22:56,353 [INFO]   20. ✅ ONDO_USDT          25M USDT/24h
2026-08-05 11:22:56,353 [INFO]   21. ✅ BEAT_USDT          24M USDT/24h
2026-08-05 11:22:56,353 [INFO]   22. ✅ XLM_USDT           24M USDT/24h
2026-08-05 11:22:56,353 [INFO]   23. ✅ UNI_USDT           23M USDT/24h
2026-08-05 11:22:56,354 [INFO]   24. ✅ HEI_USDT           22M USDT/24h
2026-08-05 11:22:56,354 [INFO]   25. ✅ BNB_USDT           22M USDT/24h
2026-08-05 11:22:56,354 [INFO]   26. ✅ DOT_USDT           21M USDT/24h
2026-08-05 11:22:56,354 [INFO]   27. ✅ UB_USDT            20M USDT/24h
2026-08-05 11:22:56,354 [INFO]   28. ✅ ENA_USDT           17M USDT/24h
2026-08-05 11:22:56,354 [INFO]   29. ✅ BICO_USDT          17M USDT/24h
2026-08-05 11:22:56,354 [INFO]   30. ✅ FET_USDT           16M USDT/24h
2026-08-05 11:22:56,354 [INFO]   31. ✅ HOME_USDT          13M USDT/24h
2026-08-05 11:22:56,354 [INFO]   32. ✅ UAI_USDT           13M USDT/24h
2026-08-05 11:22:56,354 [INFO]   33. ✅ FARTCOIN_USDT      12M USDT/24h
2026-08-05 11:22:56,354 [INFO]   34. ✅ LDO_USDT           12M USDT/24h
2026-08-05 11:22:56,354 [INFO]   35. ✅ BTW_USDT           10M USDT/24h
2026-08-05 11:22:56,354 [INFO]   36. ✅ ATOM_USDT          9M USDT/24h
2026-08-05 11:22:56,354 [INFO]   37. ✅ OP_USDT            9M USDT/24h
2026-08-05 11:22:56,354 [INFO]   38. ✅ PENGU_USDT         8M USDT/24h
2026-08-05 11:22:56,354 [INFO]   39. ✅ ASTER_USDT         8M USDT/24h
2026-08-05 11:22:56,354 [INFO]   40. ✅ NEAR_USDT          7M USDT/24h
2026-08-05 11:22:56,354 [INFO]   41. ✅ GRVT_USDT          7M USDT/24h
2026-08-05 11:22:56,354 [INFO]   42. ✅ AKE_USDT           7M USDT/24h
2026-08-05 11:22:56,354 [INFO]   43. ✅ LTC_USDT           6M USDT/24h
2026-08-05 11:22:56,354 [INFO]   44. ✅ SEI_USDT           6M USDT/24h
2026-08-05 11:22:56,354 [INFO]   45. ✅ XPL_USDT           6M USDT/24h
2026-08-05 11:22:56,354 [INFO]   46. ✅ ETHFI_USDT         6M USDT/24h
2026-08-05 11:22:56,354 [INFO]   47. ✅ HBAR_USDT          5M USDT/24h
2026-08-05 11:22:56,354 [INFO]   48. ✅ DYDX_USDT          5M USDT/24h
2026-08-05 11:22:56,354 [INFO]   49. ✅ SYN_USDT           5M USDT/24h
2026-08-05 11:22:56,354 [INFO]   50. ✅ RENDER_USDT        4M USDT/24h
2026-08-05 11:22:56,354 [INFO]   51. ✅ INJ_USDT           4M USDT/24h
2026-08-05 11:22:56,354 [INFO]   52. ✅ ORDI_USDT          4M USDT/24h
2026-08-05 11:22:56,354 [INFO]   53. ✅ APT_USDT           4M USDT/24h
2026-08-05 11:22:56,354 [INFO]   54. ✅ COTI_USDT          4M USDT/24h
2026-08-05 11:22:56,354 [INFO]   55. ✅ CATE_USDT          4M USDT/24h
2026-08-05 11:22:56,354 [INFO]   56. ✅ HFT_USDT           4M USDT/24h
2026-08-05 11:22:56,354 [INFO]   57. ✅ ALGO_USDT          4M USDT/24h
2026-08-05 11:22:56,354 [INFO]   58. ✅ TRX_USDT           3M USDT/24h
2026-08-05 11:22:56,354 [INFO]   59. ✅ VELVET_USDT        3M USDT/24h
2026-08-05 11:22:56,354 [INFO]   60. ✅ ON_USDT            3M USDT/24h
2026-08-05 11:22:56,354 [INFO]   61. ✅ PAXG_USDT          3M USDT/24h
2026-08-05 11:22:56,354 [INFO]   62. ✅ KAITO_USDT         3M USDT/24h
2026-08-05 11:22:56,355 [INFO]   63. ✅ WIF_USDT           3M USDT/24h
2026-08-05 11:22:56,355 [INFO]   64. ✅ BCH_USDT           3M USDT/24h
2026-08-05 11:22:56,355 [INFO]   65. ✅ POL_USDT           3M USDT/24h
2026-08-05 11:22:56,355 [INFO]   66. ✅ XMR_USDT           3M USDT/24h
2026-08-05 11:22:56,355 [INFO]   67. ✅ TIA_USDT           3M USDT/24h
2026-08-05 11:22:56,355 [INFO]   68. ✅ DEXE_USDT          3M USDT/24h
2026-08-05 11:22:56,355 [INFO]   69. ✅ PIPPIN_USDT        2M USDT/24h
2026-08-05 11:22:56,355 [INFO]   70. ✅ ALLO_USDT          2M USDT/24h
2026-08-05 11:22:56,355 [INFO]   71. ✅ ZRO_USDT           2M USDT/24h
2026-08-05 11:22:56,355 [INFO]   72. ✅ AAPU_USDT          2M USDT/24h
2026-08-05 11:22:56,355 [INFO]   73. ✅ VIRTUAL_USDT       2M USDT/24h
2026-08-05 11:22:56,355 [INFO]   74. ✅ STO_USDT           2M USDT/24h
2026-08-05 11:22:56,355 [INFO]   75. ✅ GIGGLE_USDT        2M USDT/24h
2026-08-05 11:22:56,355 [INFO] Paires a scanner : 75
2026-08-05 11:22:56,548 [INFO] Balance MEXC : 22.32 USDT | Equity: 22.32
2026-08-05 11:22:56,548 [INFO] Scan de 75 paires (desequilibre 6 exchanges d'abord)...
2026-08-05 11:23:04,613 [ERROR] [Klines Spot] PAXG_USDT 4h: 400 Client Error: Bad Request for url: https://api.mexc.com/api/v3/klines?symbol=PAXGUSDT&interval=4h&limit=200
2026-08-05 11:23:05,818 [ERROR] [Klines Spot] AAPU_USDT 4h: 400 Client Error: Bad Request for url: https://api.mexc.com/api/v3/klines?symbol=AAPUUSDT&interval=4h&limit=200
2026-08-05 11:23:07,681 [INFO] Aucun signal valide sur ce cycle.
2026-08-05 11:23:07,681 [INFO] 
====================================================================
2026-08-05 11:23:07,681 [INFO]   PAPER TRADING — aucun trade cloture pour l'instant
2026-08-05 11:23:07,681 [INFO]   Positions simulees en cours : 0
2026-08-05 11:23:07,681 [INFO] ====================================================================
2026-08-05 13:12:27,778 [INFO] ====================================================================
2026-08-05 13:12:27,778 [INFO]   IHP v5.1 — CYCLE UNIQUE
2026-08-05 13:12:27,778 [INFO]   MODE            : PAPER (aucun ordre reel)
2026-08-05 13:12:27,778 [INFO]   Levier          : x20 | SL : DESACTIVE
2026-08-05 13:12:27,778 [INFO]   Marge par trade : 2.5% (plafond 50.0 USDT)
2026-08-05 13:12:27,778 [INFO]   Consensus min   : 80.0%
2026-08-05 13:12:27,778 [INFO]   TimesFM         : strict=True | conf min=55%
2026-08-05 13:12:27,778 [INFO]   Duree max trade : 24.0 h
2026-08-05 13:12:27,779 [INFO] ====================================================================
2026-08-05 13:12:27,779 [INFO] [STATE] Charge : 0 position(s) suivie(s) | trades=0 | PnL jour=+0.00
2026-08-05 13:12:27,779 [INFO] [TimesFM] Chargement du modele Google TimesFM 2.5...
2026-08-05 13:12:27,779 [INFO] [TimesFM] Chargement du modele Google TimesFM 2.5...
2026-08-05 13:12:27,779 [INFO] [TimesFM] Repo : google/timesfm-2.5-200m-pytorch
2026-08-05 13:12:29,581 [INFO] HTTP Request: HEAD https://huggingface.co/google/timesfm-2.5-200m-pytorch/resolve/main/config.json "HTTP/1.1 307 Temporary Redirect"
2026-08-05 13:12:29,590 [INFO] HTTP Request: HEAD https://huggingface.co/api/resolve-cache/models/google/timesfm-2.5-200m-pytorch/1d952420fba87f3c6dee4f240de0f1a0fbc790e3/config.json "HTTP/1.1 200 OK"
2026-08-05 13:12:29,590 [INFO] Downloading checkpoint from Hugging Face repo google/timesfm-2.5-200m-pytorch
2026-08-05 13:12:29,619 [INFO] HTTP Request: HEAD https://huggingface.co/google/timesfm-2.5-200m-pytorch/resolve/main/model.safetensors "HTTP/1.1 302 Found"
2026-08-05 13:12:29,620 [WARNING] Warning: You are sending unauthenticated requests to the HF Hub. Please set a HF_TOKEN to enable higher rate limits and faster downloads.
2026-08-05 13:12:30,614 [INFO] Loading checkpoint from: /home/runner/.cache/huggingface/hub/models--google--timesfm-2.5-200m-pytorch/snapshots/1d952420fba87f3c6dee4f240de0f1a0fbc790e3/model.safetensors
2026-08-05 13:12:30,719 [INFO] [TimesFM] Compilation du modele (ForecastConfig par defaut)...
2026-08-05 13:12:30,719 [INFO] When compiling, max horizon needs to be multiple of the output patch size 128. Using max horizon = 128 instead.
2026-08-05 13:12:30,719 [INFO] [TimesFM] MODELE COMPILE ET PRET — JUGE FINAL ACTIF
2026-08-05 13:12:30,719 [INFO] [TimesFM] Modele pret.
2026-08-05 13:12:30,719 [INFO] 🔍 Scan des volumes du marché Futures MEXC...
2026-08-05 13:12:31,024 [INFO] ✅ 75 paires sélectionnées par volume :
2026-08-05 13:12:31,024 [INFO]    1. 🔥 BTC_USDT           5,092M USDT/24h
2026-08-05 13:12:31,024 [INFO]    2. 🔥 ETH_USDT           2,127M USDT/24h
2026-08-05 13:12:31,024 [INFO]    3. 🔥 SOL_USDT           1,003M USDT/24h
2026-08-05 13:12:31,024 [INFO]    4. ⭐ HYPE_USDT          272M USDT/24h
2026-08-05 13:12:31,024 [INFO]    5. ⭐ XRP_USDT           199M USDT/24h
2026-08-05 13:12:31,024 [INFO]    6. ⭐ ZEC_USDT           175M USDT/24h
2026-08-05 13:12:31,024 [INFO]    7. ✅ SUI_USDT           75M USDT/24h
2026-08-05 13:12:31,024 [INFO]    8. ✅ AVAX_USDT          74M USDT/24h
2026-08-05 13:12:31,024 [INFO]    9. ✅ TAO_USDT           68M USDT/24h
2026-08-05 13:12:31,024 [INFO]   10. ✅ BLESS_USDT         59M USDT/24h
2026-08-05 13:12:31,024 [INFO]   11. ✅ DOGE_USDT          58M USDT/24h
2026-08-05 13:12:31,024 [INFO]   12. ✅ SKYAI_USDT         44M USDT/24h
2026-08-05 13:12:31,024 [INFO]   13. ✅ ADA_USDT           39M USDT/24h
2026-08-05 13:12:31,024 [INFO]   14. ✅ WLD_USDT           38M USDT/24h
2026-08-05 13:12:31,024 [INFO]   15. ✅ LINK_USDT          35M USDT/24h
2026-08-05 13:12:31,024 [INFO]   16. ✅ AAVE_USDT          34M USDT/24h
2026-08-05 13:12:31,024 [INFO]   17. ✅ CYS_USDT           33M USDT/24h
2026-08-05 13:12:31,024 [INFO]   18. ✅ ARB_USDT           33M USDT/24h
2026-08-05 13:12:31,024 [INFO]   19. ✅ HEI_USDT           26M USDT/24h
2026-08-05 13:12:31,024 [INFO]   20. ✅ ONDO_USDT          25M USDT/24h
2026-08-05 13:12:31,024 [INFO]   21. ✅ BANK_USDT          25M USDT/24h
2026-08-05 13:12:31,025 [INFO]   22. ✅ UB_USDT            25M USDT/24h
2026-08-05 13:12:31,025 [INFO]   23. ✅ XLM_USDT           24M USDT/24h
2026-08-05 13:12:31,025 [INFO]   24. ✅ UNI_USDT           24M USDT/24h
2026-08-05 13:12:31,025 [INFO]   25. ✅ BNB_USDT           22M USDT/24h
2026-08-05 13:12:31,025 [INFO]   26. ✅ DOT_USDT           22M USDT/24h
2026-08-05 13:12:31,025 [INFO]   27. ✅ BEAT_USDT          22M USDT/24h
2026-08-05 13:12:31,025 [INFO]   28. ✅ BICO_USDT          16M USDT/24h
2026-08-05 13:12:31,025 [INFO]   29. ✅ FET_USDT           16M USDT/24h
2026-08-05 13:12:31,025 [INFO]   30. ✅ ENA_USDT           16M USDT/24h
2026-08-05 13:12:31,025 [INFO]   31. ✅ FARTCOIN_USDT      13M USDT/24h
2026-08-05 13:12:31,025 [INFO]   32. ✅ UAI_USDT           11M USDT/24h
2026-08-05 13:12:31,025 [INFO]   33. ✅ LDO_USDT           11M USDT/24h
2026-08-05 13:12:31,025 [INFO]   34. ✅ HOME_USDT          11M USDT/24h
2026-08-05 13:12:31,025 [INFO]   35. ✅ BTW_USDT           10M USDT/24h
2026-08-05 13:12:31,025 [INFO]   36. ✅ OP_USDT            9M USDT/24h
2026-08-05 13:12:31,025 [INFO]   37. ✅ ATOM_USDT          9M USDT/24h
2026-08-05 13:12:31,025 [INFO]   38. ✅ ASTER_USDT         8M USDT/24h
2026-08-05 13:12:31,025 [INFO]   39. ✅ PENGU_USDT         8M USDT/24h
2026-08-05 13:12:31,025 [INFO]   40. ✅ NEAR_USDT          8M USDT/24h
2026-08-05 13:12:31,025 [INFO]   41. ✅ GRVT_USDT          7M USDT/24h
2026-08-05 13:12:31,025 [INFO]   42. ✅ LTC_USDT           6M USDT/24h
2026-08-05 13:12:31,025 [INFO]   43. ✅ AKE_USDT           6M USDT/24h
2026-08-05 13:12:31,025 [INFO]   44. ✅ XPL_USDT           6M USDT/24h
2026-08-05 13:12:31,025 [INFO]   45. ✅ SEI_USDT           6M USDT/24h
2026-08-05 13:12:31,025 [INFO]   46. ✅ ETHFI_USDT         5M USDT/24h
2026-08-05 13:12:31,025 [INFO]   47. ✅ SYN_USDT           5M USDT/24h
2026-08-05 13:12:31,025 [INFO]   48. ✅ HBAR_USDT          5M USDT/24h
2026-08-05 13:12:31,025 [INFO]   49. ✅ DYDX_USDT          5M USDT/24h
2026-08-05 13:12:31,025 [INFO]   50. ✅ RENDER_USDT        4M USDT/24h
2026-08-05 13:12:31,025 [INFO]   51. ✅ ORDI_USDT          4M USDT/24h
2026-08-05 13:12:31,026 [INFO]   52. ✅ INJ_USDT           4M USDT/24h
2026-08-05 13:12:31,026 [INFO]   53. ✅ APT_USDT           4M USDT/24h
2026-08-05 13:12:31,026 [INFO]   54. ✅ HFT_USDT           4M USDT/24h
2026-08-05 13:12:31,026 [INFO]   55. ✅ COTI_USDT          4M USDT/24h
2026-08-05 13:12:31,026 [INFO]   56. ✅ CATE_USDT          4M USDT/24h
2026-08-05 13:12:31,026 [INFO]   57. ✅ VELVET_USDT        3M USDT/24h
2026-08-05 13:12:31,026 [INFO]   58. ✅ PAXG_USDT          3M USDT/24h
2026-08-05 13:12:31,026 [INFO]   59. ✅ WIF_USDT           3M USDT/24h
2026-08-05 13:12:31,026 [INFO]   60. ✅ ALGO_USDT          3M USDT/24h
2026-08-05 13:12:31,026 [INFO]   61. ✅ BCH_USDT           3M USDT/24h
2026-08-05 13:12:31,026 [INFO]   62. ✅ TRX_USDT           3M USDT/24h
2026-08-05 13:12:31,026 [INFO]   63. ✅ KAITO_USDT         3M USDT/24h
2026-08-05 13:12:31,026 [INFO]   64. ✅ ON_USDT            3M USDT/24h
2026-08-05 13:12:31,026 [INFO]   65. ✅ TIA_USDT           3M USDT/24h
2026-08-05 13:12:31,026 [INFO]   66. ✅ ALLO_USDT          3M USDT/24h
2026-08-05 13:12:31,026 [INFO]   67. ✅ XMR_USDT           3M USDT/24h
2026-08-05 13:12:31,026 [INFO]   68. ✅ DEXE_USDT          2M USDT/24h
2026-08-05 13:12:31,026 [INFO]   69. ✅ ZRO_USDT           2M USDT/24h
2026-08-05 13:12:31,026 [INFO]   70. ✅ VIRTUAL_USDT       2M USDT/24h
2026-08-05 13:12:31,026 [INFO]   71. ✅ FILECOIN_USDT      2M USDT/24h
2026-08-05 13:12:31,026 [INFO]   72. ✅ AAPU_USDT          2M USDT/24h
2026-08-05 13:12:31,026 [INFO]   73. ✅ POL_USDT           2M USDT/24h
2026-08-05 13:12:31,026 [INFO]   74. ✅ ETC_USDT           2M USDT/24h
2026-08-05 13:12:31,026 [INFO]   75. ✅ STO_USDT           2M USDT/24h
2026-08-05 13:12:31,027 [INFO] Paires a scanner : 75
2026-08-05 13:12:31,223 [INFO] Balance MEXC : 29.35 USDT | Equity: 29.35
2026-08-05 13:12:31,223 [INFO] Scan de 75 paires (desequilibre 6 exchanges d'abord)...
2026-08-05 13:12:39,543 [ERROR] [Klines Spot] PAXG_USDT 4h: 400 Client Error: Bad Request for url: https://api.mexc.com/api/v3/klines?symbol=PAXGUSDT&interval=4h&limit=200
2026-08-05 13:12:41,180 [ERROR] [Klines Spot] FILECOIN_USDT 4h: 400 Client Error: Bad Request for url: https://api.mexc.com/api/v3/klines?symbol=FILECOINUSDT&interval=4h&limit=200
2026-08-05 13:12:41,380 [ERROR] [Klines Spot] AAPU_USDT 4h: 400 Client Error: Bad Request for url: https://api.mexc.com/api/v3/klines?symbol=AAPUUSDT&interval=4h&limit=200
2026-08-05 13:12:43,049 [INFO] Aucun signal valide sur ce cycle.
2026-08-05 13:12:43,050 [INFO] 
====================================================================
2026-08-05 13:12:43,050 [INFO]   PAPER TRADING — aucun trade cloture pour l'instant
2026-08-05 13:12:43,050 [INFO]   Positions simulees en cours : 0
2026-08-05 13:12:43,050 [INFO] ====================================================================
2026-08-05 15:30:54,101 [INFO] ====================================================================
2026-08-05 15:30:54,101 [INFO]   IHP v5.1 — CYCLE UNIQUE
2026-08-05 15:30:54,101 [INFO]   MODE            : PAPER (aucun ordre reel)
2026-08-05 15:30:54,101 [INFO]   Levier          : x20 | SL : DESACTIVE
2026-08-05 15:30:54,101 [INFO]   Marge par trade : 2.5% (plafond 50.0 USDT)
2026-08-05 15:30:54,101 [INFO]   Consensus min   : 80.0%
2026-08-05 15:30:54,101 [INFO]   TimesFM         : strict=True | conf min=55%
2026-08-05 15:30:54,101 [INFO]   Duree max trade : 24.0 h
2026-08-05 15:30:54,101 [INFO] ====================================================================
2026-08-05 15:30:54,101 [INFO] [STATE] Charge : 0 position(s) suivie(s) | trades=0 | PnL jour=+0.00
2026-08-05 15:30:54,102 [INFO] [TimesFM] Chargement du modele Google TimesFM 2.5...
2026-08-05 15:30:54,102 [INFO] [TimesFM] Chargement du modele Google TimesFM 2.5...
2026-08-05 15:30:54,102 [INFO] [TimesFM] Repo : google/timesfm-2.5-200m-pytorch
2026-08-05 15:30:56,277 [INFO] HTTP Request: HEAD https://huggingface.co/google/timesfm-2.5-200m-pytorch/resolve/main/config.json "HTTP/1.1 307 Temporary Redirect"
2026-08-05 15:30:56,278 [WARNING] Warning: You are sending unauthenticated requests to the HF Hub. Please set a HF_TOKEN to enable higher rate limits and faster downloads.
2026-08-05 15:30:56,282 [INFO] HTTP Request: HEAD https://huggingface.co/api/resolve-cache/models/google/timesfm-2.5-200m-pytorch/1d952420fba87f3c6dee4f240de0f1a0fbc790e3/config.json "HTTP/1.1 200 OK"
2026-08-05 15:30:56,283 [INFO] Downloading checkpoint from Hugging Face repo google/timesfm-2.5-200m-pytorch
2026-08-05 15:30:56,376 [INFO] HTTP Request: HEAD https://huggingface.co/google/timesfm-2.5-200m-pytorch/resolve/main/model.safetensors "HTTP/1.1 302 Found"
2026-08-05 15:30:57,450 [INFO] Loading checkpoint from: /home/runner/.cache/huggingface/hub/models--google--timesfm-2.5-200m-pytorch/snapshots/1d952420fba87f3c6dee4f240de0f1a0fbc790e3/model.safetensors
2026-08-05 15:30:57,570 [INFO] [TimesFM] Compilation du modele (ForecastConfig par defaut)...
2026-08-05 15:30:57,571 [INFO] When compiling, max horizon needs to be multiple of the output patch size 128. Using max horizon = 128 instead.
2026-08-05 15:30:57,571 [INFO] [TimesFM] MODELE COMPILE ET PRET — JUGE FINAL ACTIF
2026-08-05 15:30:57,571 [INFO] [TimesFM] Modele pret.
2026-08-05 15:30:57,571 [INFO] 🔍 Scan des volumes du marché Futures MEXC...
2026-08-05 15:30:57,769 [INFO] ✅ 75 paires sélectionnées par volume :
2026-08-05 15:30:57,769 [INFO]    1. 🔥 BTC_USDT           5,225M USDT/24h
2026-08-05 15:30:57,769 [INFO]    2. 🔥 ETH_USDT           2,162M USDT/24h
2026-08-05 15:30:57,769 [INFO]    3. 🔥 SOL_USDT           1,035M USDT/24h
2026-08-05 15:30:57,769 [INFO]    4. ⭐ HYPE_USDT          277M USDT/24h
2026-08-05 15:30:57,769 [INFO]    5. ⭐ XRP_USDT           213M USDT/24h
2026-08-05 15:30:57,769 [INFO]    6. ⭐ ZEC_USDT           184M USDT/24h
2026-08-05 15:30:57,769 [INFO]    7. ✅ SUI_USDT           80M USDT/24h
2026-08-05 15:30:57,769 [INFO]    8. ✅ AVAX_USDT          79M USDT/24h
2026-08-05 15:30:57,769 [INFO]    9. ✅ TAO_USDT           73M USDT/24h
2026-08-05 15:30:57,769 [INFO]   10. ✅ BLESS_USDT         69M USDT/24h
2026-08-05 15:30:57,769 [INFO]   11. ✅ DOGE_USDT          58M USDT/24h
2026-08-05 15:30:57,769 [INFO]   12. ✅ ADA_USDT           40M USDT/24h
2026-08-05 15:30:57,770 [INFO]   13. ✅ SKYAI_USDT         40M USDT/24h
2026-08-05 15:30:57,770 [INFO]   14. ✅ WLD_USDT           39M USDT/24h
2026-08-05 15:30:57,770 [INFO]   15. ✅ AAVE_USDT          34M USDT/24h
2026-08-05 15:30:57,770 [INFO]   16. ✅ CYS_USDT           32M USDT/24h
2026-08-05 15:30:57,770 [INFO]   17. ✅ LINK_USDT          32M USDT/24h
2026-08-05 15:30:57,770 [INFO]   18. ✅ ARB_USDT           32M USDT/24h
2026-08-05 15:30:57,770 [INFO]   19. ✅ HEI_USDT           30M USDT/24h
2026-08-05 15:30:57,770 [INFO]   20. ✅ UNI_USDT           27M USDT/24h
2026-08-05 15:30:57,770 [INFO]   21. ✅ UB_USDT            26M USDT/24h
2026-08-05 15:30:57,770 [INFO]   22. ✅ DOT_USDT           26M USDT/24h
2026-08-05 15:30:57,770 [INFO]   23. ✅ ONDO_USDT          25M USDT/24h
2026-08-05 15:30:57,770 [INFO]   24. ✅ XLM_USDT           24M USDT/24h
2026-08-05 15:30:57,770 [INFO]   25. ✅ BNB_USDT           24M USDT/24h
2026-08-05 15:30:57,770 [INFO]   26. ✅ BANK_USDT          21M USDT/24h
2026-08-05 15:30:57,770 [INFO]   27. ✅ BEAT_USDT          20M USDT/24h
2026-08-05 15:30:57,770 [INFO]   28. ✅ BICO_USDT          17M USDT/24h
2026-08-05 15:30:57,770 [INFO]   29. ✅ ENA_USDT           16M USDT/24h
2026-08-05 15:30:57,770 [INFO]   30. ✅ FET_USDT           16M USDT/24h
2026-08-05 15:30:57,770 [INFO]   31. ✅ FARTCOIN_USDT      14M USDT/24h
2026-08-05 15:30:57,771 [INFO]   32. ✅ UAI_USDT           10M USDT/24h
2026-08-05 15:30:57,771 [INFO]   33. ✅ PENGU_USDT         9M USDT/24h
2026-08-05 15:30:57,771 [INFO]   34. ✅ OP_USDT            9M USDT/24h
2026-08-05 15:30:57,771 [INFO]   35. ✅ NEAR_USDT          9M USDT/24h
2026-08-05 15:30:57,771 [INFO]   36. ✅ ASTER_USDT         9M USDT/24h
2026-08-05 15:30:57,771 [INFO]   37. ✅ BTW_USDT           9M USDT/24h
2026-08-05 15:30:57,771 [INFO]   38. ✅ LDO_USDT           8M USDT/24h
2026-08-05 15:30:57,771 [INFO]   39. ✅ HOME_USDT          8M USDT/24h
2026-08-05 15:30:57,771 [INFO]   40. ✅ GRVT_USDT          8M USDT/24h
2026-08-05 15:30:57,771 [INFO]   41. ✅ LTC_USDT           6M USDT/24h
2026-08-05 15:30:57,771 [INFO]   42. ✅ SYN_USDT           6M USDT/24h
2026-08-05 15:30:57,771 [INFO]   43. ✅ XPL_USDT           6M USDT/24h
2026-08-05 15:30:57,771 [INFO]   44. ✅ AKE_USDT           6M USDT/24h
2026-08-05 15:30:57,771 [INFO]   45. ✅ ETHFI_USDT         5M USDT/24h
2026-08-05 15:30:57,771 [INFO]   46. ✅ INJ_USDT           5M USDT/24h
2026-08-05 15:30:57,771 [INFO]   47. ✅ HBAR_USDT          5M USDT/24h
2026-08-05 15:30:57,771 [INFO]   48. ✅ DYDX_USDT          5M USDT/24h
2026-08-05 15:30:57,772 [INFO]   49. ✅ HFT_USDT           5M USDT/24h
2026-08-05 15:30:57,772 [INFO]   50. ✅ APT_USDT           5M USDT/24h
2026-08-05 15:30:57,772 [INFO]   51. ✅ ON_USDT            5M USDT/24h
2026-08-05 15:30:57,772 [INFO]   52. ✅ ORDI_USDT          4M USDT/24h
2026-08-05 15:30:57,772 [INFO]   53. ✅ RENDER_USDT        4M USDT/24h
2026-08-05 15:30:57,772 [INFO]   54. ✅ VELVET_USDT        4M USDT/24h
2026-08-05 15:30:57,772 [INFO]   55. ✅ TRX_USDT           4M USDT/24h
2026-08-05 15:30:57,772 [INFO]   56. ✅ PAXG_USDT          4M USDT/24h
2026-08-05 15:30:57,772 [INFO]   57. ✅ WIF_USDT           3M USDT/24h
2026-08-05 15:30:57,772 [INFO]   58. ✅ SEI_USDT           3M USDT/24h
2026-08-05 15:30:57,772 [INFO]   59. ✅ CATE_USDT          3M USDT/24h
2026-08-05 15:30:57,772 [INFO]   60. ✅ ALGO_USDT          3M USDT/24h
2026-08-05 15:30:57,772 [INFO]   61. ✅ TIA_USDT           3M USDT/24h
2026-08-05 15:30:57,772 [INFO]   62. ✅ COTI_USDT          3M USDT/24h
2026-08-05 15:30:57,772 [INFO]   63. ✅ BCH_USDT           3M USDT/24h
2026-08-05 15:30:57,772 [INFO]   64. ✅ KAITO_USDT         3M USDT/24h
2026-08-05 15:30:57,772 [INFO]   65. ✅ ALLO_USDT          3M USDT/24h
2026-08-05 15:30:57,772 [INFO]   66. ✅ FILECOIN_USDT      3M USDT/24h
2026-08-05 15:30:57,773 [INFO]   67. ✅ ETC_USDT           2M USDT/24h
2026-08-05 15:30:57,773 [INFO]   68. ✅ XMR_USDT           2M USDT/24h
2026-08-05 15:30:57,773 [INFO]   69. ✅ DEXE_USDT          2M USDT/24h
2026-08-05 15:30:57,773 [INFO]   70. ✅ ESPORTS_USDT       2M USDT/24h
2026-08-05 15:30:57,773 [INFO]   71. ✅ ZRO_USDT           2M USDT/24h
2026-08-05 15:30:57,773 [INFO]   72. ✅ PI_USDT            2M USDT/24h
2026-08-05 15:30:57,773 [INFO]   73. ✅ VIRTUAL_USDT       2M USDT/24h
2026-08-05 15:30:57,773 [INFO]   74. ✅ AAPU_USDT          2M USDT/24h
2026-08-05 15:30:57,773 [INFO]   75. ✅ ATOM_USDT          2M USDT/24h
2026-08-05 15:30:57,774 [INFO] Paires a scanner : 75
2026-08-05 15:30:57,913 [INFO] Balance MEXC : 0.13 USDT | Equity: 26.01
2026-08-05 15:30:57,913 [INFO] Scan de 75 paires (desequilibre 6 exchanges d'abord)...
2026-08-05 15:31:05,510 [ERROR] [Klines Spot] PAXG_USDT 4h: 400 Client Error: Bad Request for url: https://api.mexc.com/api/v3/klines?symbol=PAXGUSDT&interval=4h&limit=200
2026-08-05 15:31:06,867 [ERROR] [Klines Spot] FILECOIN_USDT 4h: 400 Client Error: Bad Request for url: https://api.mexc.com/api/v3/klines?symbol=FILECOINUSDT&interval=4h&limit=200
2026-08-05 15:31:07,887 [ERROR] [Klines Spot] AAPU_USDT 4h: 400 Client Error: Bad Request for url: https://api.mexc.com/api/v3/klines?symbol=AAPUUSDT&interval=4h&limit=200
2026-08-05 15:31:09,325 [INFO] Aucun signal valide sur ce cycle.
2026-08-05 15:31:09,326 [INFO] 
====================================================================
2026-08-05 15:31:09,326 [INFO]   PAPER TRADING — aucun trade cloture pour l'instant
2026-08-05 15:31:09,326 [INFO]   Positions simulees en cours : 0
2026-08-05 15:31:09,326 [INFO] ====================================================================
2026-08-05 17:06:21,258 [INFO] ====================================================================
2026-08-05 17:06:21,258 [INFO]   IHP v5.1 — CYCLE UNIQUE
2026-08-05 17:06:21,258 [INFO]   MODE            : PAPER (aucun ordre reel)
2026-08-05 17:06:21,258 [INFO]   Levier          : x20 | SL : DESACTIVE
2026-08-05 17:06:21,259 [INFO]   Marge par trade : 2.5% (plafond 50.0 USDT)
2026-08-05 17:06:21,259 [INFO]   Consensus min   : 80.0%
2026-08-05 17:06:21,259 [INFO]   TimesFM         : strict=True | conf min=55%
2026-08-05 17:06:21,259 [INFO]   Duree max trade : 24.0 h
2026-08-05 17:06:21,259 [INFO] ====================================================================
2026-08-05 17:06:21,259 [INFO] [STATE] Charge : 0 position(s) suivie(s) | trades=0 | PnL jour=+0.00
2026-08-05 17:06:21,259 [INFO] [TimesFM] Chargement du modele Google TimesFM 2.5...
2026-08-05 17:06:21,259 [INFO] [TimesFM] Chargement du modele Google TimesFM 2.5...
2026-08-05 17:06:21,259 [INFO] [TimesFM] Repo : google/timesfm-2.5-200m-pytorch
2026-08-05 17:06:23,014 [INFO] HTTP Request: HEAD https://huggingface.co/google/timesfm-2.5-200m-pytorch/resolve/main/config.json "HTTP/1.1 307 Temporary Redirect"
2026-08-05 17:06:23,023 [INFO] HTTP Request: HEAD https://huggingface.co/api/resolve-cache/models/google/timesfm-2.5-200m-pytorch/1d952420fba87f3c6dee4f240de0f1a0fbc790e3/config.json "HTTP/1.1 200 OK"
2026-08-05 17:06:23,024 [INFO] Downloading checkpoint from Hugging Face repo google/timesfm-2.5-200m-pytorch
2026-08-05 17:06:23,051 [INFO] HTTP Request: HEAD https://huggingface.co/google/timesfm-2.5-200m-pytorch/resolve/main/model.safetensors "HTTP/1.1 302 Found"
2026-08-05 17:06:23,051 [WARNING] Warning: You are sending unauthenticated requests to the HF Hub. Please set a HF_TOKEN to enable higher rate limits and faster downloads.
2026-08-05 17:06:24,043 [INFO] Loading checkpoint from: /home/runner/.cache/huggingface/hub/models--google--timesfm-2.5-200m-pytorch/snapshots/1d952420fba87f3c6dee4f240de0f1a0fbc790e3/model.safetensors
2026-08-05 17:06:24,146 [INFO] [TimesFM] Compilation du modele (ForecastConfig par defaut)...
2026-08-05 17:06:24,146 [INFO] When compiling, max horizon needs to be multiple of the output patch size 128. Using max horizon = 128 instead.
2026-08-05 17:06:24,147 [INFO] [TimesFM] MODELE COMPILE ET PRET — JUGE FINAL ACTIF
2026-08-05 17:06:24,147 [INFO] [TimesFM] Modele pret.
2026-08-05 17:06:24,147 [INFO] 🔍 Scan des volumes du marché Futures MEXC...
2026-08-05 17:06:24,655 [INFO] ✅ 75 paires sélectionnées par volume :
2026-08-05 17:06:24,655 [INFO]    1. 🔥 BTC_USDT           5,181M USDT/24h
2026-08-05 17:06:24,655 [INFO]    2. 🔥 ETH_USDT           2,225M USDT/24h
2026-08-05 17:06:24,655 [INFO]    3. 🔥 SOL_USDT           1,017M USDT/24h
2026-08-05 17:06:24,655 [INFO]    4. ⭐ HYPE_USDT          264M USDT/24h
2026-08-05 17:06:24,655 [INFO]    5. ⭐ XRP_USDT           213M USDT/24h
2026-08-05 17:06:24,655 [INFO]    6. ⭐ ZEC_USDT           174M USDT/24h
2026-08-05 17:06:24,655 [INFO]    7. ⭐ SUI_USDT           84M USDT/24h
2026-08-05 17:06:24,656 [INFO]    8. ✅ AVAX_USDT          78M USDT/24h
2026-08-05 17:06:24,656 [INFO]    9. ✅ BLESS_USDT         76M USDT/24h
2026-08-05 17:06:24,656 [INFO]   10. ✅ TAO_USDT           73M USDT/24h
2026-08-05 17:06:24,656 [INFO]   11. ✅ DOGE_USDT          55M USDT/24h
2026-08-05 17:06:24,656 [INFO]   12. ✅ ADA_USDT           41M USDT/24h
2026-08-05 17:06:24,656 [INFO]   13. ✅ SKYAI_USDT         38M USDT/24h
2026-08-05 17:06:24,656 [INFO]   14. ✅ WLD_USDT           34M USDT/24h
2026-08-05 17:06:24,656 [INFO]   15. ✅ HEI_USDT           32M USDT/24h
2026-08-05 17:06:24,656 [INFO]   16. ✅ AAVE_USDT          32M USDT/24h
2026-08-05 17:06:24,656 [INFO]   17. ✅ ARB_USDT           31M USDT/24h
2026-08-05 17:06:24,656 [INFO]   18. ✅ CYS_USDT           31M USDT/24h
2026-08-05 17:06:24,656 [INFO]   19. ✅ LINK_USDT          29M USDT/24h
2026-08-05 17:06:24,656 [INFO]   20. ✅ UNI_USDT           28M USDT/24h
2026-08-05 17:06:24,656 [INFO]   21. ✅ DOT_USDT           27M USDT/24h
2026-08-05 17:06:24,656 [INFO]   22. ✅ BNB_USDT           24M USDT/24h
2026-08-05 17:06:24,656 [INFO]   23. ✅ UB_USDT            23M USDT/24h
2026-08-05 17:06:24,656 [INFO]   24. ✅ XLM_USDT           23M USDT/24h
2026-08-05 17:06:24,656 [INFO]   25. ✅ ONDO_USDT          23M USDT/24h
2026-08-05 17:06:24,656 [INFO]   26. ✅ BEAT_USDT          19M USDT/24h
2026-08-05 17:06:24,656 [INFO]   27. ✅ FET_USDT           16M USDT/24h
2026-08-05 17:06:24,656 [INFO]   28. ✅ ENA_USDT           16M USDT/24h
2026-08-05 17:06:24,656 [INFO]   29. ✅ BANK_USDT          16M USDT/24h
2026-08-05 17:06:24,656 [INFO]   30. ✅ FARTCOIN_USDT      14M USDT/24h
2026-08-05 17:06:24,656 [INFO]   31. ✅ BICO_USDT          14M USDT/24h
2026-08-05 17:06:24,656 [INFO]   32. ✅ NEAR_USDT          11M USDT/24h
2026-08-05 17:06:24,656 [INFO]   33. ✅ PENGU_USDT         10M USDT/24h
2026-08-05 17:06:24,657 [INFO]   34. ✅ OP_USDT            9M USDT/24h
2026-08-05 17:06:24,657 [INFO]   35. ✅ ASTER_USDT         9M USDT/24h
2026-08-05 17:06:24,657 [INFO]   36. ✅ BTW_USDT           8M USDT/24h
2026-08-05 17:06:24,657 [INFO]   37. ✅ LDO_USDT           8M USDT/24h
2026-08-05 17:06:24,657 [INFO]   38. ✅ GRVT_USDT          8M USDT/24h
2026-08-05 17:06:24,657 [INFO]   39. ✅ UAI_USDT           7M USDT/24h
2026-08-05 17:06:24,657 [INFO]   40. ✅ DYDX_USDT          7M USDT/24h
2026-08-05 17:06:24,657 [INFO]   41. ✅ HOME_USDT          6M USDT/24h
2026-08-05 17:06:24,657 [INFO]   42. ✅ SYN_USDT           6M USDT/24h
2026-08-05 17:06:24,657 [INFO]   43. ✅ LTC_USDT           6M USDT/24h
2026-08-05 17:06:24,657 [INFO]   44. ✅ RENDER_USDT        6M USDT/24h
2026-08-05 17:06:24,657 [INFO]   45. ✅ XPL_USDT           6M USDT/24h
2026-08-05 17:06:24,657 [INFO]   46. ✅ ON_USDT            6M USDT/24h
2026-08-05 17:06:24,657 [INFO]   47. ✅ AKE_USDT           6M USDT/24h
2026-08-05 17:06:24,657 [INFO]   48. ✅ HBAR_USDT          6M USDT/24h
2026-08-05 17:06:24,657 [INFO]   49. ✅ INJ_USDT           5M USDT/24h
2026-08-05 17:06:24,657 [INFO]   50. ✅ HFT_USDT           5M USDT/24h
2026-08-05 17:06:24,657 [INFO]   51. ✅ APT_USDT           5M USDT/24h
2026-08-05 17:06:24,657 [INFO]   52. ✅ VELVET_USDT        4M USDT/24h
2026-08-05 17:06:24,657 [INFO]   53. ✅ ORDI_USDT          4M USDT/24h
2026-08-05 17:06:24,657 [INFO]   54. ✅ ETHFI_USDT         4M USDT/24h
2026-08-05 17:06:24,657 [INFO]   55. ✅ TRX_USDT           4M USDT/24h
2026-08-05 17:06:24,657 [INFO]   56. ✅ PAXG_USDT          4M USDT/24h
2026-08-05 17:06:24,657 [INFO]   57. ✅ ESPORTS_USDT       4M USDT/24h
2026-08-05 17:06:24,657 [INFO]   58. ✅ TIA_USDT           4M USDT/24h
2026-08-05 17:06:24,657 [INFO]   59. ✅ WIF_USDT           3M USDT/24h
2026-08-05 17:06:24,657 [INFO]   60. ✅ SEI_USDT           3M USDT/24h
2026-08-05 17:06:24,657 [INFO]   61. ✅ CATE_USDT          3M USDT/24h
2026-08-05 17:06:24,657 [INFO]   62. ✅ ALGO_USDT          3M USDT/24h
2026-08-05 17:06:24,657 [INFO]   63. ✅ KAITO_USDT         3M USDT/24h
2026-08-05 17:06:24,657 [INFO]   64. ✅ BCH_USDT           3M USDT/24h
2026-08-05 17:06:24,657 [INFO]   65. ✅ COTI_USDT          3M USDT/24h
2026-08-05 17:06:24,657 [INFO]   66. ✅ XMR_USDT           2M USDT/24h
2026-08-05 17:06:24,657 [INFO]   67. ✅ ETC_USDT           2M USDT/24h
2026-08-05 17:06:24,657 [INFO]   68. ✅ ALLO_USDT          2M USDT/24h
2026-08-05 17:06:24,657 [INFO]   69. ✅ FILECOIN_USDT      2M USDT/24h
2026-08-05 17:06:24,657 [INFO]   70. ✅ DEXE_USDT          2M USDT/24h
2026-08-05 17:06:24,658 [INFO]   71. ✅ VIRTUAL_USDT       2M USDT/24h
2026-08-05 17:06:24,658 [INFO]   72. ✅ ZRO_USDT           2M USDT/24h
2026-08-05 17:06:24,658 [INFO]   73. ✅ PI_USDT            2M USDT/24h
2026-08-05 17:06:24,658 [INFO]   74. ✅ RE_USDT            2M USDT/24h
2026-08-05 17:06:24,658 [INFO]   75. ✅ ATOM_USDT          2M USDT/24h
2026-08-05 17:06:24,658 [INFO] Paires a scanner : 75
2026-08-05 17:06:24,860 [INFO] Balance MEXC : 0.17 USDT | Equity: 24.40
2026-08-05 17:06:24,860 [INFO] Scan de 75 paires (desequilibre 6 exchanges d'abord)...
2026-08-05 17:06:32,276 [ERROR] [Klines Spot] PAXG_USDT 4h: 400 Client Error: Bad Request for url: https://api.mexc.com/api/v3/klines?symbol=PAXGUSDT&interval=4h&limit=200
2026-08-05 17:06:34,427 [ERROR] [Klines Spot] FILECOIN_USDT 4h: 400 Client Error: Bad Request for url: https://api.mexc.com/api/v3/klines?symbol=FILECOINUSDT&interval=4h&limit=200
2026-08-05 17:06:36,446 [INFO] Aucun signal valide sur ce cycle.
2026-08-05 17:06:36,446 [INFO] 
====================================================================
2026-08-05 17:06:36,446 [INFO]   PAPER TRADING — aucun trade cloture pour l'instant
2026-08-05 17:06:36,446 [INFO]   Positions simulees en cours : 0
2026-08-05 17:06:36,446 [INFO] ====================================================================
2026-08-05 18:55:46,908 [INFO] ====================================================================
2026-08-05 18:55:46,908 [INFO]   IHP v5.1 — CYCLE UNIQUE
2026-08-05 18:55:46,908 [INFO]   MODE            : PAPER (aucun ordre reel)
2026-08-05 18:55:46,908 [INFO]   Levier          : x20 | SL : DESACTIVE
2026-08-05 18:55:46,908 [INFO]   Marge par trade : 2.5% (plafond 50.0 USDT)
2026-08-05 18:55:46,908 [INFO]   Consensus min   : 80.0%
2026-08-05 18:55:46,908 [INFO]   TimesFM         : strict=True | conf min=55%
2026-08-05 18:55:46,909 [INFO]   Duree max trade : 24.0 h
2026-08-05 18:55:46,909 [INFO] ====================================================================
2026-08-05 18:55:46,909 [INFO] [STATE] Charge : 0 position(s) suivie(s) | trades=0 | PnL jour=+0.00
2026-08-05 18:55:46,909 [INFO] [TimesFM] Chargement du modele Google TimesFM 2.5...
2026-08-05 18:55:46,909 [INFO] [TimesFM] Chargement du modele Google TimesFM 2.5...
2026-08-05 18:55:46,909 [INFO] [TimesFM] Repo : google/timesfm-2.5-200m-pytorch
2026-08-05 18:55:48,885 [INFO] HTTP Request: HEAD https://huggingface.co/google/timesfm-2.5-200m-pytorch/resolve/main/config.json "HTTP/1.1 307 Temporary Redirect"
2026-08-05 18:55:48,907 [INFO] HTTP Request: HEAD https://huggingface.co/api/resolve-cache/models/google/timesfm-2.5-200m-pytorch/1d952420fba87f3c6dee4f240de0f1a0fbc790e3/config.json "HTTP/1.1 200 OK"
2026-08-05 18:55:48,907 [INFO] Downloading checkpoint from Hugging Face repo google/timesfm-2.5-200m-pytorch
2026-08-05 18:55:48,976 [INFO] HTTP Request: HEAD https://huggingface.co/google/timesfm-2.5-200m-pytorch/resolve/main/model.safetensors "HTTP/1.1 302 Found"
2026-08-05 18:55:48,977 [WARNING] Warning: You are sending unauthenticated requests to the HF Hub. Please set a HF_TOKEN to enable higher rate limits and faster downloads.
2026-08-05 18:55:49,971 [INFO] Loading checkpoint from: /home/runner/.cache/huggingface/hub/models--google--timesfm-2.5-200m-pytorch/snapshots/1d952420fba87f3c6dee4f240de0f1a0fbc790e3/model.safetensors
2026-08-05 18:55:50,072 [INFO] [TimesFM] Compilation du modele (ForecastConfig par defaut)...
2026-08-05 18:55:50,072 [INFO] When compiling, max horizon needs to be multiple of the output patch size 128. Using max horizon = 128 instead.
2026-08-05 18:55:50,072 [INFO] [TimesFM] MODELE COMPILE ET PRET — JUGE FINAL ACTIF
2026-08-05 18:55:50,072 [INFO] [TimesFM] Modele pret.
2026-08-05 18:55:50,072 [INFO] 🔍 Scan des volumes du marché Futures MEXC...
2026-08-05 18:55:50,351 [INFO] ✅ 75 paires sélectionnées par volume :
2026-08-05 18:55:50,351 [INFO]    1. 🔥 BTC_USDT           5,463M USDT/24h
2026-08-05 18:55:50,352 [INFO]    2. 🔥 ETH_USDT           2,561M USDT/24h
2026-08-05 18:55:50,352 [INFO]    3. 🔥 SOL_USDT           1,080M USDT/24h
2026-08-05 18:55:50,352 [INFO]    4. ⭐ HYPE_USDT          274M USDT/24h
2026-08-05 18:55:50,352 [INFO]    5. ⭐ XRP_USDT           219M USDT/24h
2026-08-05 18:55:50,352 [INFO]    6. ⭐ ZEC_USDT           173M USDT/24h
2026-08-05 18:55:50,352 [INFO]    7. ⭐ BLESS_USDT         89M USDT/24h
2026-08-05 18:55:50,352 [INFO]    8. ⭐ SUI_USDT           89M USDT/24h
2026-08-05 18:55:50,352 [INFO]    9. ⭐ AVAX_USDT          80M USDT/24h
2026-08-05 18:55:50,352 [INFO]   10. ✅ TAO_USDT           76M USDT/24h
2026-08-05 18:55:50,352 [INFO]   11. ✅ DOGE_USDT          57M USDT/24h
2026-08-05 18:55:50,352 [INFO]   12. ✅ ADA_USDT           40M USDT/24h
2026-08-05 18:55:50,352 [INFO]   13. ✅ HEI_USDT           40M USDT/24h
2026-08-05 18:55:50,352 [INFO]   14. ✅ SKYAI_USDT         39M USDT/24h
2026-08-05 18:55:50,352 [INFO]   15. ✅ AAVE_USDT          33M USDT/24h
2026-08-05 18:55:50,352 [INFO]   16. ✅ CYS_USDT           33M USDT/24h
2026-08-05 18:55:50,352 [INFO]   17. ✅ WLD_USDT           32M USDT/24h
2026-08-05 18:55:50,352 [INFO]   18. ✅ ARB_USDT           32M USDT/24h
2026-08-05 18:55:50,352 [INFO]   19. ✅ UNI_USDT           31M USDT/24h
2026-08-05 18:55:50,352 [INFO]   20. ✅ LINK_USDT          30M USDT/24h
2026-08-05 18:55:50,352 [INFO]   21. ✅ DOT_USDT           28M USDT/24h
2026-08-05 18:55:50,352 [INFO]   22. ✅ BNB_USDT           25M USDT/24h
2026-08-05 18:55:50,352 [INFO]   23. ✅ UB_USDT            24M USDT/24h
2026-08-05 18:55:50,352 [INFO]   24. ✅ ONDO_USDT          23M USDT/24h
2026-08-05 18:55:50,353 [INFO]   25. ✅ XLM_USDT           23M USDT/24h
2026-08-05 18:55:50,353 [INFO]   26. ✅ FET_USDT           22M USDT/24h
2026-08-05 18:55:50,353 [INFO]   27. ✅ BEAT_USDT          18M USDT/24h
2026-08-05 18:55:50,353 [INFO]   28. ✅ ENA_USDT           17M USDT/24h
2026-08-05 18:55:50,353 [INFO]   29. ✅ BANK_USDT          15M USDT/24h
2026-08-05 18:55:50,353 [INFO]   30. ✅ FARTCOIN_USDT      14M USDT/24h
2026-08-05 18:55:50,353 [INFO]   31. ✅ BICO_USDT          14M USDT/24h
2026-08-05 18:55:50,353 [INFO]   32. ✅ NEAR_USDT          11M USDT/24h
2026-08-05 18:55:50,353 [INFO]   33. ✅ PENGU_USDT         11M USDT/24h
2026-08-05 18:55:50,353 [INFO]   34. ✅ ASTER_USDT         9M USDT/24h
2026-08-05 18:55:50,353 [INFO]   35. ✅ OP_USDT            9M USDT/24h
2026-08-05 18:55:50,353 [INFO]   36. ✅ GRVT_USDT          8M USDT/24h
2026-08-05 18:55:50,353 [INFO]   37. ✅ LDO_USDT           8M USDT/24h
2026-08-05 18:55:50,353 [INFO]   38. ✅ BTW_USDT           8M USDT/24h
2026-08-05 18:55:50,353 [INFO]   39. ✅ UAI_USDT           7M USDT/24h
2026-08-05 18:55:50,353 [INFO]   40. ✅ ON_USDT            7M USDT/24h
2026-08-05 18:55:50,353 [INFO]   41. ✅ DYDX_USDT          7M USDT/24h
2026-08-05 18:55:50,353 [INFO]   42. ✅ SYN_USDT           7M USDT/24h
2026-08-05 18:55:50,353 [INFO]   43. ✅ LTC_USDT           6M USDT/24h
2026-08-05 18:55:50,353 [INFO]   44. ✅ RENDER_USDT        6M USDT/24h
2026-08-05 18:55:50,353 [INFO]   45. ✅ XPL_USDT           6M USDT/24h
2026-08-05 18:55:50,353 [INFO]   46. ✅ HOME_USDT          6M USDT/24h
2026-08-05 18:55:50,353 [INFO]   47. ✅ HBAR_USDT          6M USDT/24h
2026-08-05 18:55:50,353 [INFO]   48. ✅ AKE_USDT           6M USDT/24h
2026-08-05 18:55:50,354 [INFO]   49. ✅ INJ_USDT           6M USDT/24h
2026-08-05 18:55:50,354 [INFO]   50. ✅ HFT_USDT           5M USDT/24h
2026-08-05 18:55:50,354 [INFO]   51. ✅ VELVET_USDT        5M USDT/24h
2026-08-05 18:55:50,354 [INFO]   52. ✅ APT_USDT           5M USDT/24h
2026-08-05 18:55:50,354 [INFO]   53. ✅ ESPORTS_USDT       5M USDT/24h
2026-08-05 18:55:50,354 [INFO]   54. ✅ ORDI_USDT          4M USDT/24h
2026-08-05 18:55:50,354 [INFO]   55. ✅ PAXG_USDT          4M USDT/24h
2026-08-05 18:55:50,354 [INFO]   56. ✅ TIA_USDT           4M USDT/24h
2026-08-05 18:55:50,354 [INFO]   57. ✅ ETHFI_USDT         4M USDT/24h
2026-08-05 18:55:50,354 [INFO]   58. ✅ TRX_USDT           4M USDT/24h
2026-08-05 18:55:50,354 [INFO]   59. ✅ WIF_USDT           4M USDT/24h
2026-08-05 18:55:50,354 [INFO]   60. ✅ SEI_USDT           3M USDT/24h
2026-08-05 18:55:50,354 [INFO]   61. ✅ CATE_USDT          3M USDT/24h
2026-08-05 18:55:50,354 [INFO]   62. ✅ BCH_USDT           3M USDT/24h
2026-08-05 18:55:50,354 [INFO]   63. ✅ ALGO_USDT          3M USDT/24h
2026-08-05 18:55:50,354 [INFO]   64. ✅ XMR_USDT           3M USDT/24h
2026-08-05 18:55:50,354 [INFO]   65. ✅ FILECOIN_USDT      3M USDT/24h
2026-08-05 18:55:50,354 [INFO]   66. ✅ ETC_USDT           2M USDT/24h
2026-08-05 18:55:50,354 [INFO]   67. ✅ KAITO_USDT         2M USDT/24h
2026-08-05 18:55:50,354 [INFO]   68. ✅ VIRTUAL_USDT       2M USDT/24h
2026-08-05 18:55:50,354 [INFO]   69. ✅ COTI_USDT          2M USDT/24h
2026-08-05 18:55:50,354 [INFO]   70. ✅ ALLO_USDT          2M USDT/24h
2026-08-05 18:55:50,354 [INFO]   71. ✅ DEXE_USDT          2M USDT/24h
2026-08-05 18:55:50,354 [INFO]   72. ✅ PI_USDT            2M USDT/24h
2026-08-05 18:55:50,354 [INFO]   73. ✅ ZRO_USDT           2M USDT/24h
2026-08-05 18:55:50,355 [INFO]   74. ✅ RE_USDT            2M USDT/24h
2026-08-05 18:55:50,355 [INFO]   75. ✅ ATOM_USDT          2M USDT/24h
2026-08-05 18:55:50,355 [INFO] Paires a scanner : 75
2026-08-05 18:55:50,810 [INFO] Balance MEXC : 0.17 USDT | Equity: 21.37
2026-08-05 18:55:50,811 [INFO] Scan de 75 paires (desequilibre 6 exchanges d'abord)...
2026-08-05 18:55:58,154 [ERROR] [Klines Spot] PAXG_USDT 4h: 400 Client Error: Bad Request for url: https://api.mexc.com/api/v3/klines?symbol=PAXGUSDT&interval=4h&limit=200
2026-08-05 18:55:59,363 [ERROR] [Klines Spot] FILECOIN_USDT 4h: 400 Client Error: Bad Request for url: https://api.mexc.com/api/v3/klines?symbol=FILECOINUSDT&interval=4h&limit=200
2026-08-05 18:56:01,803 [INFO] Aucun signal valide sur ce cycle.
2026-08-05 18:56:01,804 [INFO] 
====================================================================
2026-08-05 18:56:01,804 [INFO]   PAPER TRADING — aucun trade cloture pour l'instant
2026-08-05 18:56:01,804 [INFO]   Positions simulees en cours : 0
2026-08-05 18:56:01,804 [INFO] ====================================================================
2026-08-05 20:29:09,936 [INFO] ====================================================================
2026-08-05 20:29:09,936 [INFO]   IHP v5.1 — CYCLE UNIQUE
2026-08-05 20:29:09,936 [INFO]   MODE            : PAPER (aucun ordre reel)
2026-08-05 20:29:09,936 [INFO]   Levier          : x20 | SL : DESACTIVE
2026-08-05 20:29:09,936 [INFO]   Marge par trade : 2.5% (plafond 50.0 USDT)
2026-08-05 20:29:09,936 [INFO]   Consensus min   : 80.0%
2026-08-05 20:29:09,936 [INFO]   TimesFM         : strict=True | conf min=55%
2026-08-05 20:29:09,936 [INFO]   Duree max trade : 24.0 h
2026-08-05 20:29:09,936 [INFO] ====================================================================
2026-08-05 20:29:09,937 [INFO] [STATE] Charge : 0 position(s) suivie(s) | trades=0 | PnL jour=+0.00
2026-08-05 20:29:09,937 [INFO] [TimesFM] Chargement du modele Google TimesFM 2.5...
2026-08-05 20:29:09,937 [INFO] [TimesFM] Chargement du modele Google TimesFM 2.5...
2026-08-05 20:29:09,937 [INFO] [TimesFM] Repo : google/timesfm-2.5-200m-pytorch
2026-08-05 20:29:12,855 [INFO] HTTP Request: HEAD https://huggingface.co/google/timesfm-2.5-200m-pytorch/resolve/main/config.json "HTTP/1.1 307 Temporary Redirect"
2026-08-05 20:29:12,861 [INFO] HTTP Request: HEAD https://huggingface.co/api/resolve-cache/models/google/timesfm-2.5-200m-pytorch/1d952420fba87f3c6dee4f240de0f1a0fbc790e3/config.json "HTTP/1.1 200 OK"
2026-08-05 20:29:12,862 [INFO] Downloading checkpoint from Hugging Face repo google/timesfm-2.5-200m-pytorch
2026-08-05 20:29:12,964 [INFO] HTTP Request: HEAD https://huggingface.co/google/timesfm-2.5-200m-pytorch/resolve/main/model.safetensors "HTTP/1.1 302 Found"
2026-08-05 20:29:12,964 [WARNING] Warning: You are sending unauthenticated requests to the HF Hub. Please set a HF_TOKEN to enable higher rate limits and faster downloads.
2026-08-05 20:29:13,855 [INFO] Loading checkpoint from: /home/runner/.cache/huggingface/hub/models--google--timesfm-2.5-200m-pytorch/snapshots/1d952420fba87f3c6dee4f240de0f1a0fbc790e3/model.safetensors
2026-08-05 20:29:13,965 [INFO] [TimesFM] Compilation du modele (ForecastConfig par defaut)...
2026-08-05 20:29:13,965 [INFO] When compiling, max horizon needs to be multiple of the output patch size 128. Using max horizon = 128 instead.
2026-08-05 20:29:13,965 [INFO] [TimesFM] MODELE COMPILE ET PRET — JUGE FINAL ACTIF
2026-08-05 20:29:13,965 [INFO] [TimesFM] Modele pret.
2026-08-05 20:29:13,966 [INFO] 🔍 Scan des volumes du marché Futures MEXC...
2026-08-05 20:29:14,259 [INFO] ✅ 75 paires sélectionnées par volume :
2026-08-05 20:29:14,259 [INFO]    1. 🔥 BTC_USDT           5,282M USDT/24h
2026-08-05 20:29:14,259 [INFO]    2. 🔥 ETH_USDT           2,535M USDT/24h
2026-08-05 20:29:14,259 [INFO]    3. 🔥 SOL_USDT           1,029M USDT/24h
2026-08-05 20:29:14,259 [INFO]    4. ⭐ HYPE_USDT          273M USDT/24h
2026-08-05 20:29:14,259 [INFO]    5. ⭐ XRP_USDT           217M USDT/24h
2026-08-05 20:29:14,259 [INFO]    6. ⭐ ZEC_USDT           160M USDT/24h
2026-08-05 20:29:14,259 [INFO]    7. ⭐ BLESS_USDT         97M USDT/24h
2026-08-05 20:29:14,259 [INFO]    8. ⭐ SUI_USDT           88M USDT/24h
2026-08-05 20:29:14,259 [INFO]    9. ✅ AVAX_USDT          79M USDT/24h
2026-08-05 20:29:14,259 [INFO]   10. ✅ TAO_USDT           69M USDT/24h
2026-08-05 20:29:14,259 [INFO]   11. ✅ DOGE_USDT          59M USDT/24h
2026-08-05 20:29:14,259 [INFO]   12. ✅ HEI_USDT           43M USDT/24h
2026-08-05 20:29:14,259 [INFO]   13. ✅ SKYAI_USDT         38M USDT/24h
2026-08-05 20:29:14,259 [INFO]   14. ✅ ADA_USDT           37M USDT/24h
2026-08-05 20:29:14,259 [INFO]   15. ✅ UNI_USDT           34M USDT/24h
2026-08-05 20:29:14,259 [INFO]   16. ✅ CYS_USDT           34M USDT/24h
2026-08-05 20:29:14,259 [INFO]   17. ✅ AAVE_USDT          33M USDT/24h
2026-08-05 20:29:14,259 [INFO]   18. ✅ WLD_USDT           32M USDT/24h
2026-08-05 20:29:14,259 [INFO]   19. ✅ LINK_USDT          30M USDT/24h
2026-08-05 20:29:14,260 [INFO]   20. ✅ DOT_USDT           29M USDT/24h
2026-08-05 20:29:14,260 [INFO]   21. ✅ FET_USDT           28M USDT/24h
2026-08-05 20:29:14,260 [INFO]   22. ✅ BNB_USDT           25M USDT/24h
2026-08-05 20:29:14,260 [INFO]   23. ✅ UB_USDT            23M USDT/24h
2026-08-05 20:29:14,260 [INFO]   24. ✅ XLM_USDT           22M USDT/24h
2026-08-05 20:29:14,260 [INFO]   25. ✅ ONDO_USDT          19M USDT/24h
2026-08-05 20:29:14,260 [INFO]   26. ✅ BEAT_USDT          17M USDT/24h
2026-08-05 20:29:14,260 [INFO]   27. ✅ ENA_USDT           17M USDT/24h
2026-08-05 20:29:14,260 [INFO]   28. ✅ BICO_USDT          13M USDT/24h
2026-08-05 20:29:14,260 [INFO]   29. ✅ BANK_USDT          13M USDT/24h
2026-08-05 20:29:14,260 [INFO]   30. ✅ FARTCOIN_USDT      13M USDT/24h
2026-08-05 20:29:14,260 [INFO]   31. ✅ PENGU_USDT         11M USDT/24h
2026-08-05 20:29:14,260 [INFO]   32. ✅ NEAR_USDT          11M USDT/24h
2026-08-05 20:29:14,260 [INFO]   33. ✅ OP_USDT            9M USDT/24h
2026-08-05 20:29:14,260 [INFO]   34. ✅ ASTER_USDT         9M USDT/24h
2026-08-05 20:29:14,260 [INFO]   35. ✅ GRVT_USDT          8M USDT/24h
2026-08-05 20:29:14,260 [INFO]   36. ✅ BTW_USDT           8M USDT/24h
2026-08-05 20:29:14,260 [INFO]   37. ✅ LDO_USDT           7M USDT/24h
2026-08-05 20:29:14,260 [INFO]   38. ✅ ON_USDT            7M USDT/24h
2026-08-05 20:29:14,260 [INFO]   39. ✅ SYN_USDT           7M USDT/24h
2026-08-05 20:29:14,260 [INFO]   40. ✅ DYDX_USDT          7M USDT/24h
2026-08-05 20:29:14,260 [INFO]   41. ✅ UAI_USDT           7M USDT/24h
2026-08-05 20:29:14,260 [INFO]   42. ✅ LTC_USDT           6M USDT/24h
2026-08-05 20:29:14,260 [INFO]   43. ✅ XPL_USDT           6M USDT/24h
2026-08-05 20:29:14,260 [INFO]   44. ✅ HBAR_USDT          6M USDT/24h
2026-08-05 20:29:14,260 [INFO]   45. ✅ INJ_USDT           6M USDT/24h
2026-08-05 20:29:14,260 [INFO]   46. ✅ ARB_USDT           6M USDT/24h
2026-08-05 20:29:14,260 [INFO]   47. ✅ HFT_USDT           6M USDT/24h
2026-08-05 20:29:14,260 [INFO]   48. ✅ HOME_USDT          6M USDT/24h
2026-08-05 20:29:14,260 [INFO]   49. ✅ VELVET_USDT        6M USDT/24h
2026-08-05 20:29:14,260 [INFO]   50. ✅ AKE_USDT           6M USDT/24h
2026-08-05 20:29:14,260 [INFO]   51. ✅ ESPORTS_USDT       5M USDT/24h
2026-08-05 20:29:14,260 [INFO]   52. ✅ APT_USDT           5M USDT/24h
2026-08-05 20:29:14,260 [INFO]   53. ✅ PAXG_USDT          4M USDT/24h
2026-08-05 20:29:14,260 [INFO]   54. ✅ TIA_USDT           4M USDT/24h
2026-08-05 20:29:14,260 [INFO]   55. ✅ RENDER_USDT        4M USDT/24h
2026-08-05 20:29:14,260 [INFO]   56. ✅ ORDI_USDT          4M USDT/24h
2026-08-05 20:29:14,261 [INFO]   57. ✅ TRX_USDT           4M USDT/24h
2026-08-05 20:29:14,261 [INFO]   58. ✅ ETHFI_USDT         4M USDT/24h
2026-08-05 20:29:14,261 [INFO]   59. ✅ BCH_USDT           3M USDT/24h
2026-08-05 20:29:14,261 [INFO]   60. ✅ WIF_USDT           3M USDT/24h
2026-08-05 20:29:14,261 [INFO]   61. ✅ SEI_USDT           3M USDT/24h
2026-08-05 20:29:14,261 [INFO]   62. ✅ FILECOIN_USDT      3M USDT/24h
2026-08-05 20:29:14,261 [INFO]   63. ✅ CATE_USDT          3M USDT/24h
2026-08-05 20:29:14,261 [INFO]   64. ✅ ALGO_USDT          3M USDT/24h
2026-08-05 20:29:14,261 [INFO]   65. ✅ VIRTUAL_USDT       3M USDT/24h
2026-08-05 20:29:14,261 [INFO]   66. ✅ ETC_USDT           3M USDT/24h
2026-08-05 20:29:14,261 [INFO]   67. ✅ XMR_USDT           2M USDT/24h
2026-08-05 20:29:14,261 [INFO]   68. ✅ ALLO_USDT          2M USDT/24h
2026-08-05 20:29:14,261 [INFO]   69. ✅ DEXE_USDT          2M USDT/24h
2026-08-05 20:29:14,261 [INFO]   70. ✅ PI_USDT            2M USDT/24h
2026-08-05 20:29:14,261 [INFO]   71. ✅ KAITO_USDT         2M USDT/24h
2026-08-05 20:29:14,261 [INFO]   72. ✅ SKR_USDT           2M USDT/24h
2026-08-05 20:29:14,261 [INFO]   73. ✅ RE_USDT            2M USDT/24h
2026-08-05 20:29:14,261 [INFO]   74. ✅ ATOM_USDT          2M USDT/24h
2026-08-05 20:29:14,261 [INFO]   75. ✅ GIGGLE_USDT        2M USDT/24h
2026-08-05 20:29:14,262 [INFO] Paires a scanner : 75
2026-08-05 20:29:14,404 [INFO] Balance MEXC : 18.09 USDT | Equity: 18.09
2026-08-05 20:29:14,404 [INFO] Scan de 75 paires (desequilibre 6 exchanges d'abord)...
2026-08-05 20:29:22,898 [ERROR] [Klines Spot] PAXG_USDT 4h: 400 Client Error: Bad Request for url: https://api.mexc.com/api/v3/klines?symbol=PAXGUSDT&interval=4h&limit=200
2026-08-05 20:29:24,122 [ERROR] [Klines Spot] FILECOIN_USDT 4h: 400 Client Error: Bad Request for url: https://api.mexc.com/api/v3/klines?symbol=FILECOINUSDT&interval=4h&limit=200
2026-08-05 20:29:27,604 [INFO] Aucun signal valide sur ce cycle.
2026-08-05 20:29:27,605 [INFO] 
====================================================================
2026-08-05 20:29:27,605 [INFO]   PAPER TRADING — aucun trade cloture pour l'instant
2026-08-05 20:29:27,605 [INFO]   Positions simulees en cours : 0
2026-08-05 20:29:27,605 [INFO] ====================================================================
2026-08-05 21:51:27,512 [INFO] ====================================================================
2026-08-05 21:51:27,512 [INFO]   IHP v5.1 — CYCLE UNIQUE
2026-08-05 21:51:27,512 [INFO]   MODE            : PAPER (aucun ordre reel)
2026-08-05 21:51:27,512 [INFO]   Levier          : x20 | SL : DESACTIVE
2026-08-05 21:51:27,512 [INFO]   Marge par trade : 2.5% (plafond 50.0 USDT)
2026-08-05 21:51:27,512 [INFO]   Consensus min   : 80.0%
2026-08-05 21:51:27,512 [INFO]   TimesFM         : strict=True | conf min=55%
2026-08-05 21:51:27,512 [INFO]   Duree max trade : 24.0 h
2026-08-05 21:51:27,512 [INFO] ====================================================================
2026-08-05 21:51:27,513 [INFO] [STATE] Charge : 0 position(s) suivie(s) | trades=0 | PnL jour=+0.00
2026-08-05 21:51:27,513 [INFO] [TimesFM] Chargement du modele Google TimesFM 2.5...
2026-08-05 21:51:27,513 [INFO] [TimesFM] Chargement du modele Google TimesFM 2.5...
2026-08-05 21:51:27,513 [INFO] [TimesFM] Repo : google/timesfm-2.5-200m-pytorch
2026-08-05 21:51:29,625 [INFO] HTTP Request: HEAD https://huggingface.co/google/timesfm-2.5-200m-pytorch/resolve/main/config.json "HTTP/1.1 307 Temporary Redirect"
2026-08-05 21:51:29,646 [INFO] HTTP Request: HEAD https://huggingface.co/api/resolve-cache/models/google/timesfm-2.5-200m-pytorch/1d952420fba87f3c6dee4f240de0f1a0fbc790e3/config.json "HTTP/1.1 200 OK"
2026-08-05 21:51:29,647 [INFO] Downloading checkpoint from Hugging Face repo google/timesfm-2.5-200m-pytorch
2026-08-05 21:51:29,710 [INFO] HTTP Request: HEAD https://huggingface.co/google/timesfm-2.5-200m-pytorch/resolve/main/model.safetensors "HTTP/1.1 302 Found"
2026-08-05 21:51:29,711 [WARNING] Warning: You are sending unauthenticated requests to the HF Hub. Please set a HF_TOKEN to enable higher rate limits and faster downloads.
2026-08-05 21:51:30,774 [INFO] Loading checkpoint from: /home/runner/.cache/huggingface/hub/models--google--timesfm-2.5-200m-pytorch/snapshots/1d952420fba87f3c6dee4f240de0f1a0fbc790e3/model.safetensors
2026-08-05 21:51:30,879 [INFO] [TimesFM] Compilation du modele (ForecastConfig par defaut)...
2026-08-05 21:51:30,879 [INFO] When compiling, max horizon needs to be multiple of the output patch size 128. Using max horizon = 128 instead.
2026-08-05 21:51:30,880 [INFO] [TimesFM] MODELE COMPILE ET PRET — JUGE FINAL ACTIF
2026-08-05 21:51:30,880 [INFO] [TimesFM] Modele pret.
2026-08-05 21:51:30,880 [INFO] 🔍 Scan des volumes du marché Futures MEXC...
2026-08-05 21:51:31,250 [INFO] ✅ 75 paires sélectionnées par volume :
2026-08-05 21:51:31,250 [INFO]    1. 🔥 BTC_USDT           5,271M USDT/24h
2026-08-05 21:51:31,251 [INFO]    2. 🔥 ETH_USDT           2,592M USDT/24h
2026-08-05 21:51:31,251 [INFO]    3. 🔥 SOL_USDT           1,015M USDT/24h
2026-08-05 21:51:31,251 [INFO]    4. ⭐ HYPE_USDT          274M USDT/24h
2026-08-05 21:51:31,251 [INFO]    5. ⭐ XRP_USDT           223M USDT/24h
2026-08-05 21:51:31,251 [INFO]    6. ⭐ ZEC_USDT           159M USDT/24h
2026-08-05 21:51:31,251 [INFO]    7. ⭐ BLESS_USDT         100M USDT/24h
2026-08-05 21:51:31,251 [INFO]    8. ⭐ SUI_USDT           91M USDT/24h
2026-08-05 21:51:31,251 [INFO]    9. ✅ AVAX_USDT          78M USDT/24h
2026-08-05 21:51:31,251 [INFO]   10. ✅ TAO_USDT           66M USDT/24h
2026-08-05 21:51:31,251 [INFO]   11. ✅ DOGE_USDT          60M USDT/24h
2026-08-05 21:51:31,251 [INFO]   12. ✅ HEI_USDT           44M USDT/24h
2026-08-05 21:51:31,251 [INFO]   13. ✅ SKYAI_USDT         38M USDT/24h
2026-08-05 21:51:31,251 [INFO]   14. ✅ ADA_USDT           37M USDT/24h
2026-08-05 21:51:31,251 [INFO]   15. ✅ CYS_USDT           35M USDT/24h
2026-08-05 21:51:31,251 [INFO]   16. ✅ UNI_USDT           34M USDT/24h
2026-08-05 21:51:31,252 [INFO]   17. ✅ AAVE_USDT          33M USDT/24h
2026-08-05 21:51:31,252 [INFO]   18. ✅ WLD_USDT           32M USDT/24h
2026-08-05 21:51:31,252 [INFO]   19. ✅ FET_USDT           31M USDT/24h
2026-08-05 21:51:31,252 [INFO]   20. ✅ DOT_USDT           30M USDT/24h
2026-08-05 21:51:31,252 [INFO]   21. ✅ LINK_USDT          29M USDT/24h
2026-08-05 21:51:31,252 [INFO]   22. ✅ BNB_USDT           26M USDT/24h
2026-08-05 21:51:31,252 [INFO]   23. ✅ UB_USDT            22M USDT/24h
2026-08-05 21:51:31,252 [INFO]   24. ✅ XLM_USDT           22M USDT/24h
2026-08-05 21:51:31,252 [INFO]   25. ✅ ONDO_USDT          19M USDT/24h
2026-08-05 21:51:31,252 [INFO]   26. ✅ ENA_USDT           18M USDT/24h
2026-08-05 21:51:31,252 [INFO]   27. ✅ BEAT_USDT          16M USDT/24h
2026-08-05 21:51:31,252 [INFO]   28. ✅ BICO_USDT          14M USDT/24h
2026-08-05 21:51:31,252 [INFO]   29. ✅ BANK_USDT          12M USDT/24h
2026-08-05 21:51:31,252 [INFO]   30. ✅ FARTCOIN_USDT      12M USDT/24h
2026-08-05 21:51:31,252 [INFO]   31. ✅ PENGU_USDT         12M USDT/24h
2026-08-05 21:51:31,252 [INFO]   32. ✅ NEAR_USDT          11M USDT/24h
2026-08-05 21:51:31,253 [INFO]   33. ✅ ON_USDT            9M USDT/24h
2026-08-05 21:51:31,253 [INFO]   34. ✅ ASTER_USDT         9M USDT/24h
2026-08-05 21:51:31,253 [INFO]   35. ✅ GRVT_USDT          8M USDT/24h
2026-08-05 21:51:31,253 [INFO]   36. ✅ SYN_USDT           8M USDT/24h
2026-08-05 21:51:31,253 [INFO]   37. ✅ BTW_USDT           8M USDT/24h
2026-08-05 21:51:31,253 [INFO]   38. ✅ LDO_USDT           7M USDT/24h
2026-08-05 21:51:31,253 [INFO]   39. ✅ XPL_USDT           7M USDT/24h
2026-08-05 21:51:31,253 [INFO]   40. ✅ UAI_USDT           7M USDT/24h
2026-08-05 21:51:31,253 [INFO]   41. ✅ LTC_USDT           6M USDT/24h
2026-08-05 21:51:31,253 [INFO]   42. ✅ HBAR_USDT          6M USDT/24h
2026-08-05 21:51:31,253 [INFO]   43. ✅ INJ_USDT           6M USDT/24h
2026-08-05 21:51:31,253 [INFO]   44. ✅ ARB_USDT           6M USDT/24h
2026-08-05 21:51:31,253 [INFO]   45. ✅ VELVET_USDT        6M USDT/24h
2026-08-05 21:51:31,253 [INFO]   46. ✅ RENDER_USDT        6M USDT/24h
2026-08-05 21:51:31,253 [INFO]   47. ✅ HFT_USDT           6M USDT/24h
2026-08-05 21:51:31,253 [INFO]   48. ✅ AKE_USDT           6M USDT/24h
2026-08-05 21:51:31,253 [INFO]   49. ✅ ESPORTS_USDT       5M USDT/24h
2026-08-05 21:51:31,254 [INFO]   50. ✅ HOME_USDT          5M USDT/24h
2026-08-05 21:51:31,254 [INFO]   51. ✅ DYDX_USDT          5M USDT/24h
2026-08-05 21:51:31,254 [INFO]   52. ✅ APT_USDT           5M USDT/24h
2026-08-05 21:51:31,254 [INFO]   53. ✅ PAXG_USDT          4M USDT/24h
2026-08-05 21:51:31,254 [INFO]   54. ✅ TIA_USDT           4M USDT/24h
2026-08-05 21:51:31,254 [INFO]   55. ✅ ORDI_USDT          4M USDT/24h
2026-08-05 21:51:31,254 [INFO]   56. ✅ ETHFI_USDT         4M USDT/24h
2026-08-05 21:51:31,254 [INFO]   57. ✅ TRX_USDT           4M USDT/24h
2026-08-05 21:51:31,254 [INFO]   58. ✅ FILECOIN_USDT      3M USDT/24h
2026-08-05 21:51:31,254 [INFO]   59. ✅ BCH_USDT           3M USDT/24h
2026-08-05 21:51:31,254 [INFO]   60. ✅ DODO_USDT          3M USDT/24h
2026-08-05 21:51:31,254 [INFO]   61. ✅ SEI_USDT           3M USDT/24h
2026-08-05 21:51:31,254 [INFO]   62. ✅ WIF_USDT           3M USDT/24h
2026-08-05 21:51:31,254 [INFO]   63. ✅ CATE_USDT          3M USDT/24h
2026-08-05 21:51:31,254 [INFO]   64. ✅ VIRTUAL_USDT       3M USDT/24h
2026-08-05 21:51:31,254 [INFO]   65. ✅ ETC_USDT           3M USDT/24h
2026-08-05 21:51:31,254 [INFO]   66. ✅ ALGO_USDT          2M USDT/24h
2026-08-05 21:51:31,255 [INFO]   67. ✅ XMR_USDT           2M USDT/24h
2026-08-05 21:51:31,255 [INFO]   68. ✅ MYX_USDT           2M USDT/24h
2026-08-05 21:51:31,255 [INFO]   69. ✅ ALLO_USDT          2M USDT/24h
2026-08-05 21:51:31,255 [INFO]   70. ✅ PI_USDT            2M USDT/24h
2026-08-05 21:51:31,255 [INFO]   71. ✅ KAITO_USDT         2M USDT/24h
2026-08-05 21:51:31,255 [INFO]   72. ✅ SKR_USDT           2M USDT/24h
2026-08-05 21:51:31,255 [INFO]   73. ✅ RE_USDT            2M USDT/24h
2026-08-05 21:51:31,255 [INFO]   74. ✅ GIGGLE_USDT        2M USDT/24h
2026-08-05 21:51:31,255 [INFO]   75. ✅ DEXE_USDT          2M USDT/24h
2026-08-05 21:51:31,256 [INFO] Paires a scanner : 75
2026-08-05 21:51:31,438 [INFO] Balance MEXC : 18.09 USDT | Equity: 18.09
2026-08-05 21:51:31,438 [INFO] Scan de 75 paires (desequilibre 6 exchanges d'abord)...
2026-08-05 21:51:38,514 [ERROR] [Klines Spot] PAXG_USDT 4h: 400 Client Error: Bad Request for url: https://api.mexc.com/api/v3/klines?symbol=PAXGUSDT&interval=4h&limit=200
2026-08-05 21:51:38,821 [ERROR] [Klines Spot] FILECOIN_USDT 4h: 400 Client Error: Bad Request for url: https://api.mexc.com/api/v3/klines?symbol=FILECOINUSDT&interval=4h&limit=200
2026-08-05 21:51:42,569 [INFO] Aucun signal valide sur ce cycle.
2026-08-05 21:51:42,569 [INFO] 
====================================================================
2026-08-05 21:51:42,569 [INFO]   PAPER TRADING — aucun trade cloture pour l'instant
2026-08-05 21:51:42,570 [INFO]   Positions simulees en cours : 0
2026-08-05 21:51:42,570 [INFO] ====================================================================
2026-08-05 23:01:32,773 [INFO] ====================================================================
2026-08-05 23:01:32,774 [INFO]   IHP v5.1 — CYCLE UNIQUE
2026-08-05 23:01:32,774 [INFO]   MODE            : PAPER (aucun ordre reel)
2026-08-05 23:01:32,774 [INFO]   Levier          : x20 | SL : DESACTIVE
2026-08-05 23:01:32,774 [INFO]   Marge par trade : 2.5% (plafond 50.0 USDT)
2026-08-05 23:01:32,774 [INFO]   Consensus min   : 80.0%
2026-08-05 23:01:32,774 [INFO]   TimesFM         : strict=True | conf min=55%
2026-08-05 23:01:32,774 [INFO]   Duree max trade : 24.0 h
2026-08-05 23:01:32,774 [INFO] ====================================================================
2026-08-05 23:01:32,774 [INFO] [STATE] Charge : 0 position(s) suivie(s) | trades=0 | PnL jour=+0.00
2026-08-05 23:01:32,775 [INFO] [TimesFM] Chargement du modele Google TimesFM 2.5...
2026-08-05 23:01:32,775 [INFO] [TimesFM] Chargement du modele Google TimesFM 2.5...
2026-08-05 23:01:32,775 [INFO] [TimesFM] Repo : google/timesfm-2.5-200m-pytorch
2026-08-05 23:01:34,856 [INFO] HTTP Request: HEAD https://huggingface.co/google/timesfm-2.5-200m-pytorch/resolve/main/config.json "HTTP/1.1 307 Temporary Redirect"
2026-08-05 23:01:34,856 [WARNING] Warning: You are sending unauthenticated requests to the HF Hub. Please set a HF_TOKEN to enable higher rate limits and faster downloads.
2026-08-05 23:01:34,870 [INFO] HTTP Request: HEAD https://huggingface.co/api/resolve-cache/models/google/timesfm-2.5-200m-pytorch/1d952420fba87f3c6dee4f240de0f1a0fbc790e3/config.json "HTTP/1.1 200 OK"
2026-08-05 23:01:34,870 [INFO] Downloading checkpoint from Hugging Face repo google/timesfm-2.5-200m-pytorch
2026-08-05 23:01:34,968 [INFO] HTTP Request: HEAD https://huggingface.co/google/timesfm-2.5-200m-pytorch/resolve/main/model.safetensors "HTTP/1.1 302 Found"
2026-08-05 23:01:36,027 [INFO] Loading checkpoint from: /home/runner/.cache/huggingface/hub/models--google--timesfm-2.5-200m-pytorch/snapshots/1d952420fba87f3c6dee4f240de0f1a0fbc790e3/model.safetensors
2026-08-05 23:01:36,135 [INFO] [TimesFM] Compilation du modele (ForecastConfig par defaut)...
2026-08-05 23:01:36,136 [INFO] When compiling, max horizon needs to be multiple of the output patch size 128. Using max horizon = 128 instead.
2026-08-05 23:01:36,136 [INFO] [TimesFM] MODELE COMPILE ET PRET — JUGE FINAL ACTIF
2026-08-05 23:01:36,136 [INFO] [TimesFM] Modele pret.
2026-08-05 23:01:36,136 [INFO] 🔍 Scan des volumes du marché Futures MEXC...
2026-08-05 23:01:36,541 [INFO] ✅ 75 paires sélectionnées par volume :
2026-08-05 23:01:36,541 [INFO]    1. 🔥 BTC_USDT           5,194M USDT/24h
2026-08-05 23:01:36,541 [INFO]    2. 🔥 ETH_USDT           2,574M USDT/24h
2026-08-05 23:01:36,541 [INFO]    3. 🔥 SOL_USDT           1,007M USDT/24h
2026-08-05 23:01:36,541 [INFO]    4. ⭐ HYPE_USDT          268M USDT/24h
2026-08-05 23:01:36,541 [INFO]    5. ⭐ XRP_USDT           221M USDT/24h
2026-08-05 23:01:36,541 [INFO]    6. ⭐ ZEC_USDT           149M USDT/24h
2026-08-05 23:01:36,541 [INFO]    7. ⭐ BLESS_USDT         102M USDT/24h
2026-08-05 23:01:36,542 [INFO]    8. ⭐ SUI_USDT           90M USDT/24h
2026-08-05 23:01:36,542 [INFO]    9. ✅ AVAX_USDT          73M USDT/24h
2026-08-05 23:01:36,542 [INFO]   10. ✅ TAO_USDT           65M USDT/24h
2026-08-05 23:01:36,542 [INFO]   11. ✅ DOGE_USDT          60M USDT/24h
2026-08-05 23:01:36,542 [INFO]   12. ✅ HEI_USDT           44M USDT/24h
2026-08-05 23:01:36,542 [INFO]   13. ✅ SKYAI_USDT         37M USDT/24h
2026-08-05 23:01:36,542 [INFO]   14. ✅ ADA_USDT           36M USDT/24h
2026-08-05 23:01:36,542 [INFO]   15. ✅ CYS_USDT           36M USDT/24h
2026-08-05 23:01:36,542 [INFO]   16. ✅ UNI_USDT           35M USDT/24h
2026-08-05 23:01:36,542 [INFO]   17. ✅ AAVE_USDT          32M USDT/24h
2026-08-05 23:01:36,542 [INFO]   18. ✅ WLD_USDT           32M USDT/24h
2026-08-05 23:01:36,542 [INFO]   19. ✅ FET_USDT           30M USDT/24h
2026-08-05 23:01:36,542 [INFO]   20. ✅ DOT_USDT           29M USDT/24h
2026-08-05 23:01:36,542 [INFO]   21. ✅ LINK_USDT          28M USDT/24h
2026-08-05 23:01:36,542 [INFO]   22. ✅ BNB_USDT           28M USDT/24h
2026-08-05 23:01:36,542 [INFO]   23. ✅ XLM_USDT           22M USDT/24h
2026-08-05 23:01:36,542 [INFO]   24. ✅ UB_USDT            21M USDT/24h
2026-08-05 23:01:36,542 [INFO]   25. ✅ ONDO_USDT          18M USDT/24h
2026-08-05 23:01:36,543 [INFO]   26. ✅ ENA_USDT           18M USDT/24h
2026-08-05 23:01:36,543 [INFO]   27. ✅ BEAT_USDT          14M USDT/24h
2026-08-05 23:01:36,543 [INFO]   28. ✅ BICO_USDT          12M USDT/24h
2026-08-05 23:01:36,543 [INFO]   29. ✅ PENGU_USDT         12M USDT/24h
2026-08-05 23:01:36,543 [INFO]   30. ✅ BANK_USDT          11M USDT/24h
2026-08-05 23:01:36,543 [INFO]   31. ✅ NEAR_USDT          11M USDT/24h
2026-08-05 23:01:36,543 [INFO]   32. ✅ FARTCOIN_USDT      11M USDT/24h
2026-08-05 23:01:36,543 [INFO]   33. ✅ ON_USDT            10M USDT/24h
2026-08-05 23:01:36,543 [INFO]   34. ✅ ASTER_USDT         9M USDT/24h
2026-08-05 23:01:36,543 [INFO]   35. ✅ GRVT_USDT          8M USDT/24h
2026-08-05 23:01:36,543 [INFO]   36. ✅ BTW_USDT           8M USDT/24h
2026-08-05 23:01:36,543 [INFO]   37. ✅ SYN_USDT           8M USDT/24h
2026-08-05 23:01:36,543 [INFO]   38. ✅ LDO_USDT           7M USDT/24h
2026-08-05 23:01:36,543 [INFO]   39. ✅ XPL_USDT           7M USDT/24h
2026-08-05 23:01:36,543 [INFO]   40. ✅ INJ_USDT           6M USDT/24h
2026-08-05 23:01:36,543 [INFO]   41. ✅ UAI_USDT           6M USDT/24h
2026-08-05 23:01:36,543 [INFO]   42. ✅ LTC_USDT           6M USDT/24h
2026-08-05 23:01:36,543 [INFO]   43. ✅ HBAR_USDT          6M USDT/24h
2026-08-05 23:01:36,543 [INFO]   44. ✅ ARB_USDT           6M USDT/24h
2026-08-05 23:01:36,543 [INFO]   45. ✅ VELVET_USDT        6M USDT/24h
2026-08-05 23:01:36,543 [INFO]   46. ✅ RENDER_USDT        6M USDT/24h
2026-08-05 23:01:36,543 [INFO]   47. ✅ HFT_USDT           6M USDT/24h
2026-08-05 23:01:36,543 [INFO]   48. ✅ ESPORTS_USDT       5M USDT/24h
2026-08-05 23:01:36,543 [INFO]   49. ✅ AKE_USDT           5M USDT/24h
2026-08-05 23:01:36,543 [INFO]   50. ✅ DYDX_USDT          5M USDT/24h
2026-08-05 23:01:36,543 [INFO]   51. ✅ HOME_USDT          5M USDT/24h
2026-08-05 23:01:36,543 [INFO]   52. ✅ DODO_USDT          5M USDT/24h
2026-08-05 23:01:36,543 [INFO]   53. ✅ ORDI_USDT          5M USDT/24h
2026-08-05 23:01:36,543 [INFO]   54. ✅ TIA_USDT           4M USDT/24h
2026-08-05 23:01:36,543 [INFO]   55. ✅ PAXG_USDT          4M USDT/24h
2026-08-05 23:01:36,543 [INFO]   56. ✅ APT_USDT           4M USDT/24h
2026-08-05 23:01:36,543 [INFO]   57. ✅ ETHFI_USDT         4M USDT/24h
2026-08-05 23:01:36,544 [INFO]   58. ✅ TRX_USDT           4M USDT/24h
2026-08-05 23:01:36,544 [INFO]   59. ✅ BCH_USDT           3M USDT/24h
2026-08-05 23:01:36,544 [INFO]   60. ✅ FILECOIN_USDT      3M USDT/24h
2026-08-05 23:01:36,544 [INFO]   61. ✅ WIF_USDT           3M USDT/24h
2026-08-05 23:01:36,544 [INFO]   62. ✅ SEI_USDT           3M USDT/24h
2026-08-05 23:01:36,544 [INFO]   63. ✅ ETC_USDT           3M USDT/24h
2026-08-05 23:01:36,544 [INFO]   64. ✅ VIRTUAL_USDT       3M USDT/24h
2026-08-05 23:01:36,544 [INFO]   65. ✅ ALGO_USDT          2M USDT/24h
2026-08-05 23:01:36,544 [INFO]   66. ✅ MYX_USDT           2M USDT/24h
2026-08-05 23:01:36,544 [INFO]   67. ✅ XMR_USDT           2M USDT/24h
2026-08-05 23:01:36,544 [INFO]   68. ✅ CATE_USDT          2M USDT/24h
2026-08-05 23:01:36,544 [INFO]   69. ✅ ALLO_USDT          2M USDT/24h
2026-08-05 23:01:36,544 [INFO]   70. ✅ PI_USDT            2M USDT/24h
2026-08-05 23:01:36,544 [INFO]   71. ✅ SKR_USDT           2M USDT/24h
2026-08-05 23:01:36,544 [INFO]   72. ✅ RE_USDT            2M USDT/24h
2026-08-05 23:01:36,544 [INFO]   73. ✅ KAITO_USDT         2M USDT/24h
2026-08-05 23:01:36,544 [INFO]   74. ✅ GIGGLE_USDT        2M USDT/24h
2026-08-05 23:01:36,544 [INFO]   75. ✅ DASH_USDT          2M USDT/24h
2026-08-05 23:01:36,545 [INFO] Paires a scanner : 75
2026-08-05 23:01:36,717 [INFO] Balance MEXC : 18.09 USDT | Equity: 18.09
2026-08-05 23:01:36,717 [INFO] Scan de 75 paires (desequilibre 6 exchanges d'abord)...
2026-08-05 23:01:43,806 [ERROR] [Klines Spot] PAXG_USDT 4h: 400 Client Error: Bad Request for url: https://api.mexc.com/api/v3/klines?symbol=PAXGUSDT&interval=4h&limit=200
2026-08-05 23:01:44,571 [ERROR] [Klines Spot] FILECOIN_USDT 4h: 400 Client Error: Bad Request for url: https://api.mexc.com/api/v3/klines?symbol=FILECOINUSDT&interval=4h&limit=200
2026-08-05 23:01:47,738 [INFO] Aucun signal valide sur ce cycle.
2026-08-05 23:01:47,738 [INFO] 
====================================================================
2026-08-05 23:01:47,738 [INFO]   PAPER TRADING — aucun trade cloture pour l'instant
2026-08-05 23:01:47,738 [INFO]   Positions simulees en cours : 0
2026-08-05 23:01:47,738 [INFO] ====================================================================
2026-08-06 00:08:43,611 [INFO] ====================================================================
2026-08-06 00:08:43,611 [INFO]   IHP v5.1 — CYCLE UNIQUE
2026-08-06 00:08:43,612 [INFO]   MODE            : PAPER (aucun ordre reel)
2026-08-06 00:08:43,612 [INFO]   Levier          : x20 | SL : DESACTIVE
2026-08-06 00:08:43,612 [INFO]   Marge par trade : 2.5% (plafond 50.0 USDT)
2026-08-06 00:08:43,612 [INFO]   Consensus min   : 80.0%
2026-08-06 00:08:43,612 [INFO]   TimesFM         : strict=True | conf min=55%
2026-08-06 00:08:43,612 [INFO]   Duree max trade : 24.0 h
2026-08-06 00:08:43,612 [INFO] ====================================================================
2026-08-06 00:08:43,612 [INFO] [STATE] Nouveau jour (2026-08-05 -> 2026-08-06) — reset PnL journalier.
2026-08-06 00:08:43,612 [INFO] [STATE] Charge : 0 position(s) suivie(s) | trades=0 | PnL jour=+0.00
2026-08-06 00:08:43,612 [INFO] [TimesFM] Chargement du modele Google TimesFM 2.5...
2026-08-06 00:08:43,612 [INFO] [TimesFM] Chargement du modele Google TimesFM 2.5...
2026-08-06 00:08:43,612 [INFO] [TimesFM] Repo : google/timesfm-2.5-200m-pytorch
2026-08-06 00:08:45,275 [INFO] HTTP Request: HEAD https://huggingface.co/google/timesfm-2.5-200m-pytorch/resolve/main/config.json "HTTP/1.1 307 Temporary Redirect"
2026-08-06 00:08:45,282 [INFO] HTTP Request: HEAD https://huggingface.co/api/resolve-cache/models/google/timesfm-2.5-200m-pytorch/1d952420fba87f3c6dee4f240de0f1a0fbc790e3/config.json "HTTP/1.1 200 OK"
2026-08-06 00:08:45,283 [INFO] Downloading checkpoint from Hugging Face repo google/timesfm-2.5-200m-pytorch
2026-08-06 00:08:45,303 [INFO] HTTP Request: HEAD https://huggingface.co/google/timesfm-2.5-200m-pytorch/resolve/main/model.safetensors "HTTP/1.1 302 Found"
2026-08-06 00:08:45,304 [WARNING] Warning: You are sending unauthenticated requests to the HF Hub. Please set a HF_TOKEN to enable higher rate limits and faster downloads.
2026-08-06 00:08:46,355 [INFO] Loading checkpoint from: /home/runner/.cache/huggingface/hub/models--google--timesfm-2.5-200m-pytorch/snapshots/1d952420fba87f3c6dee4f240de0f1a0fbc790e3/model.safetensors
2026-08-06 00:08:46,457 [INFO] [TimesFM] Compilation du modele (ForecastConfig par defaut)...
2026-08-06 00:08:46,457 [INFO] When compiling, max horizon needs to be multiple of the output patch size 128. Using max horizon = 128 instead.
2026-08-06 00:08:46,457 [INFO] [TimesFM] MODELE COMPILE ET PRET — JUGE FINAL ACTIF
2026-08-06 00:08:46,458 [INFO] [TimesFM] Modele pret.
2026-08-06 00:08:46,458 [INFO] 🔍 Scan des volumes du marché Futures MEXC...
2026-08-06 00:08:46,769 [INFO] ✅ 75 paires sélectionnées par volume :
2026-08-06 00:08:46,769 [INFO]    1. 🔥 BTC_USDT           5,064M USDT/24h
2026-08-06 00:08:46,769 [INFO]    2. 🔥 ETH_USDT           2,558M USDT/24h
2026-08-06 00:08:46,770 [INFO]    3. 🔥 SOL_USDT           988M USDT/24h
2026-08-06 00:08:46,770 [INFO]    4. ⭐ HYPE_USDT          270M USDT/24h
2026-08-06 00:08:46,770 [INFO]    5. ⭐ XRP_USDT           218M USDT/24h
2026-08-06 00:08:46,770 [INFO]    6. ⭐ ZEC_USDT           147M USDT/24h
2026-08-06 00:08:46,770 [INFO]    7. ⭐ BLESS_USDT         104M USDT/24h
2026-08-06 00:08:46,770 [INFO]    8. ⭐ SUI_USDT           90M USDT/24h
2026-08-06 00:08:46,770 [INFO]    9. ✅ AVAX_USDT          72M USDT/24h
2026-08-06 00:08:46,770 [INFO]   10. ✅ TAO_USDT           65M USDT/24h
2026-08-06 00:08:46,770 [INFO]   11. ✅ DOGE_USDT          59M USDT/24h
2026-08-06 00:08:46,770 [INFO]   12. ✅ HEI_USDT           44M USDT/24h
2026-08-06 00:08:46,770 [INFO]   13. ✅ SKYAI_USDT         38M USDT/24h
2026-08-06 00:08:46,770 [INFO]   14. ✅ ADA_USDT           37M USDT/24h
2026-08-06 00:08:46,770 [INFO]   15. ✅ CYS_USDT           36M USDT/24h
2026-08-06 00:08:46,770 [INFO]   16. ✅ UNI_USDT           35M USDT/24h
2026-08-06 00:08:46,770 [INFO]   17. ✅ WLD_USDT           32M USDT/24h
2026-08-06 00:08:46,770 [INFO]   18. ✅ AAVE_USDT          30M USDT/24h
2026-08-06 00:08:46,770 [INFO]   19. ✅ FET_USDT           30M USDT/24h
2026-08-06 00:08:46,770 [INFO]   20. ✅ DOT_USDT           29M USDT/24h
2026-08-06 00:08:46,770 [INFO]   21. ✅ BNB_USDT           28M USDT/24h
2026-08-06 00:08:46,770 [INFO]   22. ✅ LINK_USDT          27M USDT/24h
2026-08-06 00:08:46,770 [INFO]   23. ✅ XLM_USDT           22M USDT/24h
2026-08-06 00:08:46,770 [INFO]   24. ✅ UB_USDT            21M USDT/24h
2026-08-06 00:08:46,770 [INFO]   25. ✅ ONDO_USDT          18M USDT/24h
2026-08-06 00:08:46,770 [INFO]   26. ✅ ENA_USDT           18M USDT/24h
2026-08-06 00:08:46,770 [INFO]   27. ✅ BEAT_USDT          13M USDT/24h
2026-08-06 00:08:46,771 [INFO]   28. ✅ PENGU_USDT         12M USDT/24h
2026-08-06 00:08:46,771 [INFO]   29. ✅ BICO_USDT          11M USDT/24h
2026-08-06 00:08:46,771 [INFO]   30. ✅ ON_USDT            11M USDT/24h
2026-08-06 00:08:46,771 [INFO]   31. ✅ NEAR_USDT          11M USDT/24h
2026-08-06 00:08:46,771 [INFO]   32. ✅ BANK_USDT          11M USDT/24h
2026-08-06 00:08:46,771 [INFO]   33. ✅ FARTCOIN_USDT      10M USDT/24h
2026-08-06 00:08:46,771 [INFO]   34. ✅ ASTER_USDT         9M USDT/24h
2026-08-06 00:08:46,771 [INFO]   35. ✅ GRVT_USDT          8M USDT/24h
2026-08-06 00:08:46,771 [INFO]   36. ✅ SYN_USDT           8M USDT/24h
2026-08-06 00:08:46,771 [INFO]   37. ✅ BTW_USDT           8M USDT/24h
2026-08-06 00:08:46,771 [INFO]   38. ✅ LDO_USDT           7M USDT/24h
2026-08-06 00:08:46,771 [INFO]   39. ✅ XPL_USDT           7M USDT/24h
2026-08-06 00:08:46,771 [INFO]   40. ✅ INJ_USDT           6M USDT/24h
2026-08-06 00:08:46,771 [INFO]   41. ✅ ARB_USDT           6M USDT/24h
2026-08-06 00:08:46,771 [INFO]   42. ✅ VELVET_USDT        6M USDT/24h
2026-08-06 00:08:46,771 [INFO]   43. ✅ UAI_USDT           6M USDT/24h
2026-08-06 00:08:46,771 [INFO]   44. ✅ LTC_USDT           6M USDT/24h
2026-08-06 00:08:46,771 [INFO]   45. ✅ HBAR_USDT          6M USDT/24h
2026-08-06 00:08:46,772 [INFO]   46. ✅ RENDER_USDT        6M USDT/24h
2026-08-06 00:08:46,772 [INFO]   47. ✅ HFT_USDT           6M USDT/24h
2026-08-06 00:08:46,772 [INFO]   48. ✅ ESPORTS_USDT       6M USDT/24h
2026-08-06 00:08:46,772 [INFO]   49. ✅ DODO_USDT          5M USDT/24h
2026-08-06 00:08:46,772 [INFO]   50. ✅ AKE_USDT           5M USDT/24h
2026-08-06 00:08:46,772 [INFO]   51. ✅ HOME_USDT          5M USDT/24h
2026-08-06 00:08:46,772 [INFO]   52. ✅ PAXG_USDT          5M USDT/24h
2026-08-06 00:08:46,772 [INFO]   53. ✅ TIA_USDT           4M USDT/24h
2026-08-06 00:08:46,772 [INFO]   54. ✅ ORDI_USDT          4M USDT/24h
2026-08-06 00:08:46,772 [INFO]   55. ✅ TRX_USDT           4M USDT/24h
2026-08-06 00:08:46,772 [INFO]   56. ✅ ETHFI_USDT         4M USDT/24h
2026-08-06 00:08:46,772 [INFO]   57. ✅ BCH_USDT           3M USDT/24h
2026-08-06 00:08:46,772 [INFO]   58. ✅ APT_USDT           3M USDT/24h
2026-08-06 00:08:46,772 [INFO]   59. ✅ FILECOIN_USDT      3M USDT/24h
2026-08-06 00:08:46,772 [INFO]   60. ✅ WIF_USDT           3M USDT/24h
2026-08-06 00:08:46,772 [INFO]   61. ✅ SEI_USDT           3M USDT/24h
2026-08-06 00:08:46,772 [INFO]   62. ✅ MYX_USDT           3M USDT/24h
2026-08-06 00:08:46,772 [INFO]   63. ✅ VIRTUAL_USDT       3M USDT/24h
2026-08-06 00:08:46,773 [INFO]   64. ✅ ALGO_USDT          3M USDT/24h
2026-08-06 00:08:46,773 [INFO]   65. ✅ ETC_USDT           3M USDT/24h
2026-08-06 00:08:46,773 [INFO]   66. ✅ DYDX_USDT          3M USDT/24h
2026-08-06 00:08:46,773 [INFO]   67. ✅ PI_USDT            2M USDT/24h
2026-08-06 00:08:46,773 [INFO]   68. ✅ XMR_USDT           2M USDT/24h
2026-08-06 00:08:46,773 [INFO]   69. ✅ ALLO_USDT          2M USDT/24h
2026-08-06 00:08:46,773 [INFO]   70. ✅ CATE_USDT          2M USDT/24h
2026-08-06 00:08:46,773 [INFO]   71. ✅ SKR_USDT           2M USDT/24h
2026-08-06 00:08:46,773 [INFO]   72. ✅ KAITO_USDT         2M USDT/24h
2026-08-06 00:08:46,773 [INFO]   73. ✅ RE_USDT            2M USDT/24h
2026-08-06 00:08:46,773 [INFO]   74. ✅ DASH_USDT          2M USDT/24h
2026-08-06 00:08:46,773 [INFO]   75. ✅ GIGGLE_USDT        2M USDT/24h
2026-08-06 00:08:46,774 [INFO] Paires a scanner : 75
2026-08-06 00:08:46,965 [INFO] Balance MEXC : 18.09 USDT | Equity: 18.09
2026-08-06 00:08:46,965 [INFO] Scan de 75 paires (desequilibre 6 exchanges d'abord)...
2026-08-06 00:08:54,171 [ERROR] [Klines Spot] PAXG_USDT 4h: 400 Client Error: Bad Request for url: https://api.mexc.com/api/v3/klines?symbol=PAXGUSDT&interval=4h&limit=200
2026-08-06 00:08:54,857 [ERROR] [Klines Spot] FILECOIN_USDT 4h: 400 Client Error: Bad Request for url: https://api.mexc.com/api/v3/klines?symbol=FILECOINUSDT&interval=4h&limit=200
2026-08-06 00:08:58,702 [INFO] Aucun signal valide sur ce cycle.
2026-08-06 00:08:58,703 [INFO] 
====================================================================
2026-08-06 00:08:58,703 [INFO]   PAPER TRADING — aucun trade cloture pour l'instant
2026-08-06 00:08:58,703 [INFO]   Positions simulees en cours : 0
2026-08-06 00:08:58,703 [INFO] ====================================================================
2026-08-06 03:39:05,652 [INFO] ====================================================================
2026-08-06 03:39:05,653 [INFO]   IHP v5.1 — CYCLE UNIQUE
2026-08-06 03:39:05,653 [INFO]   MODE            : PAPER (aucun ordre reel)
2026-08-06 03:39:05,653 [INFO]   Levier          : x20 | SL : DESACTIVE
2026-08-06 03:39:05,653 [INFO]   Marge par trade : 2.5% (plafond 50.0 USDT)
2026-08-06 03:39:05,653 [INFO]   Consensus min   : 80.0%
2026-08-06 03:39:05,653 [INFO]   TimesFM         : strict=True | conf min=55%
2026-08-06 03:39:05,653 [INFO]   Duree max trade : 24.0 h
2026-08-06 03:39:05,653 [INFO] ====================================================================
2026-08-06 03:39:05,653 [INFO] [STATE] Charge : 0 position(s) suivie(s) | trades=0 | PnL jour=+0.00
2026-08-06 03:39:05,653 [INFO] [TimesFM] Chargement du modele Google TimesFM 2.5...
2026-08-06 03:39:05,654 [INFO] [TimesFM] Chargement du modele Google TimesFM 2.5...
2026-08-06 03:39:05,654 [INFO] [TimesFM] Repo : google/timesfm-2.5-200m-pytorch
2026-08-06 03:39:07,481 [INFO] HTTP Request: HEAD https://huggingface.co/google/timesfm-2.5-200m-pytorch/resolve/main/config.json "HTTP/1.1 307 Temporary Redirect"
2026-08-06 03:39:07,481 [WARNING] Warning: You are sending unauthenticated requests to the HF Hub. Please set a HF_TOKEN to enable higher rate limits and faster downloads.
2026-08-06 03:39:07,488 [INFO] HTTP Request: HEAD https://huggingface.co/api/resolve-cache/models/google/timesfm-2.5-200m-pytorch/1d952420fba87f3c6dee4f240de0f1a0fbc790e3/config.json "HTTP/1.1 200 OK"
2026-08-06 03:39:07,488 [INFO] Downloading checkpoint from Hugging Face repo google/timesfm-2.5-200m-pytorch
2026-08-06 03:39:07,509 [INFO] HTTP Request: HEAD https://huggingface.co/google/timesfm-2.5-200m-pytorch/resolve/main/model.safetensors "HTTP/1.1 302 Found"
2026-08-06 03:39:08,562 [INFO] Loading checkpoint from: /home/runner/.cache/huggingface/hub/models--google--timesfm-2.5-200m-pytorch/snapshots/1d952420fba87f3c6dee4f240de0f1a0fbc790e3/model.safetensors
2026-08-06 03:39:08,669 [INFO] [TimesFM] Compilation du modele (ForecastConfig par defaut)...
2026-08-06 03:39:08,669 [INFO] When compiling, max horizon needs to be multiple of the output patch size 128. Using max horizon = 128 instead.
2026-08-06 03:39:08,670 [INFO] [TimesFM] MODELE COMPILE ET PRET — JUGE FINAL ACTIF
2026-08-06 03:39:08,670 [INFO] [TimesFM] Modele pret.
2026-08-06 03:39:08,670 [INFO] 🔍 Scan des volumes du marché Futures MEXC...
2026-08-06 03:39:08,941 [INFO] ✅ 75 paires sélectionnées par volume :
2026-08-06 03:39:08,941 [INFO]    1. 🔥 BTC_USDT           4,965M USDT/24h
2026-08-06 03:39:08,941 [INFO]    2. 🔥 ETH_USDT           2,549M USDT/24h
2026-08-06 03:39:08,941 [INFO]    3. 🔥 SOL_USDT           939M USDT/24h
2026-08-06 03:39:08,941 [INFO]    4. ⭐ HYPE_USDT          260M USDT/24h
2026-08-06 03:39:08,941 [INFO]    5. ⭐ XRP_USDT           226M USDT/24h
2026-08-06 03:39:08,941 [INFO]    6. ⭐ ZEC_USDT           141M USDT/24h
2026-08-06 03:39:08,941 [INFO]    7. ⭐ BLESS_USDT         114M USDT/24h
2026-08-06 03:39:08,941 [INFO]    8. ⭐ SUI_USDT           92M USDT/24h
2026-08-06 03:39:08,941 [INFO]    9. ✅ AVAX_USDT          71M USDT/24h
2026-08-06 03:39:08,941 [INFO]   10. ✅ TAO_USDT           64M USDT/24h
2026-08-06 03:39:08,941 [INFO]   11. ✅ DOGE_USDT          57M USDT/24h
2026-08-06 03:39:08,941 [INFO]   12. ✅ HEI_USDT           43M USDT/24h
2026-08-06 03:39:08,942 [INFO]   13. ✅ ADA_USDT           38M USDT/24h
2026-08-06 03:39:08,942 [INFO]   14. ✅ UNI_USDT           37M USDT/24h
2026-08-06 03:39:08,942 [INFO]   15. ✅ CYS_USDT           36M USDT/24h
2026-08-06 03:39:08,942 [INFO]   16. ✅ SKYAI_USDT         35M USDT/24h
2026-08-06 03:39:08,942 [INFO]   17. ✅ WLD_USDT           34M USDT/24h
2026-08-06 03:39:08,942 [INFO]   18. ✅ FET_USDT           32M USDT/24h
2026-08-06 03:39:08,942 [INFO]   19. ✅ AAVE_USDT          32M USDT/24h
2026-08-06 03:39:08,942 [INFO]   20. ✅ DOT_USDT           30M USDT/24h
2026-08-06 03:39:08,942 [INFO]   21. ✅ LINK_USDT          27M USDT/24h
2026-08-06 03:39:08,942 [INFO]   22. ✅ XLM_USDT           23M USDT/24h
2026-08-06 03:39:08,942 [INFO]   23. ✅ UB_USDT            20M USDT/24h
2026-08-06 03:39:08,942 [INFO]   24. ✅ ONDO_USDT          20M USDT/24h
2026-08-06 03:39:08,942 [INFO]   25. ✅ BNB_USDT           19M USDT/24h
2026-08-06 03:39:08,942 [INFO]   26. ✅ ENA_USDT           18M USDT/24h
2026-08-06 03:39:08,942 [INFO]   27. ✅ PENGU_USDT         13M USDT/24h
2026-08-06 03:39:08,942 [INFO]   28. ✅ BEAT_USDT          13M USDT/24h
2026-08-06 03:39:08,942 [INFO]   29. ✅ ON_USDT            12M USDT/24h
2026-08-06 03:39:08,942 [INFO]   30. ✅ BICO_USDT          12M USDT/24h
2026-08-06 03:39:08,942 [INFO]   31. ✅ NEAR_USDT          11M USDT/24h
2026-08-06 03:39:08,943 [INFO]   32. ✅ FARTCOIN_USDT      10M USDT/24h
2026-08-06 03:39:08,943 [INFO]   33. ✅ BANK_USDT          10M USDT/24h
2026-08-06 03:39:08,943 [INFO]   34. ✅ SYN_USDT           9M USDT/24h
2026-08-06 03:39:08,943 [INFO]   35. ✅ ASTER_USDT         9M USDT/24h
2026-08-06 03:39:08,943 [INFO]   36. ✅ GRVT_USDT          9M USDT/24h
2026-08-06 03:39:08,943 [INFO]   37. ✅ LDO_USDT           8M USDT/24h
2026-08-06 03:39:08,943 [INFO]   38. ✅ BTW_USDT           8M USDT/24h
2026-08-06 03:39:08,943 [INFO]   39. ✅ XPL_USDT           7M USDT/24h
2026-08-06 03:39:08,943 [INFO]   40. ✅ DODO_USDT          7M USDT/24h
2026-08-06 03:39:08,943 [INFO]   41. ✅ ESPORTS_USDT       7M USDT/24h
2026-08-06 03:39:08,943 [INFO]   42. ✅ ARB_USDT           7M USDT/24h
2026-08-06 03:39:08,943 [INFO]   43. ✅ INJ_USDT           7M USDT/24h
2026-08-06 03:39:08,943 [INFO]   44. ✅ VELVET_USDT        7M USDT/24h
2026-08-06 03:39:08,943 [INFO]   45. ✅ UAI_USDT           6M USDT/24h
2026-08-06 03:39:08,943 [INFO]   46. ✅ LTC_USDT           6M USDT/24h
2026-08-06 03:39:08,944 [INFO]   47. ✅ HBAR_USDT          6M USDT/24h
2026-08-06 03:39:08,944 [INFO]   48. ✅ RENDER_USDT        6M USDT/24h
2026-08-06 03:39:08,944 [INFO]   49. ✅ HFT_USDT           6M USDT/24h
2026-08-06 03:39:08,944 [INFO]   50. ✅ AKE_USDT           5M USDT/24h
2026-08-06 03:39:08,944 [INFO]   51. ✅ PAXG_USDT          5M USDT/24h
2026-08-06 03:39:08,944 [INFO]   52. ✅ TIA_USDT           5M USDT/24h
2026-08-06 03:39:08,944 [INFO]   53. ✅ ORDI_USDT          5M USDT/24h
2026-08-06 03:39:08,944 [INFO]   54. ✅ HOME_USDT          4M USDT/24h
2026-08-06 03:39:08,944 [INFO]   55. ✅ TRX_USDT           4M USDT/24h
2026-08-06 03:39:08,944 [INFO]   56. ✅ ETHFI_USDT         4M USDT/24h
2026-08-06 03:39:08,944 [INFO]   57. ✅ APT_USDT           3M USDT/24h
2026-08-06 03:39:08,944 [INFO]   58. ✅ BCH_USDT           3M USDT/24h
2026-08-06 03:39:08,944 [INFO]   59. ✅ SEI_USDT           3M USDT/24h
2026-08-06 03:39:08,944 [INFO]   60. ✅ FILECOIN_USDT      3M USDT/24h
2026-08-06 03:39:08,944 [INFO]   61. ✅ WIF_USDT           3M USDT/24h
2026-08-06 03:39:08,944 [INFO]   62. ✅ MYX_USDT           3M USDT/24h
2026-08-06 03:39:08,944 [INFO]   63. ✅ PI_USDT            3M USDT/24h
2026-08-06 03:39:08,944 [INFO]   64. ✅ VIRTUAL_USDT       3M USDT/24h
2026-08-06 03:39:08,945 [INFO]   65. ✅ ALGO_USDT          3M USDT/24h
2026-08-06 03:39:08,945 [INFO]   66. ✅ ETC_USDT           3M USDT/24h
2026-08-06 03:39:08,945 [INFO]   67. ✅ XMR_USDT           2M USDT/24h
2026-08-06 03:39:08,945 [INFO]   68. ✅ DYDX_USDT          2M USDT/24h
2026-08-06 03:39:08,945 [INFO]   69. ✅ ALLO_USDT          2M USDT/24h
2026-08-06 03:39:08,945 [INFO]   70. ✅ DASH_USDT          2M USDT/24h
2026-08-06 03:39:08,945 [INFO]   71. ✅ RE_USDT            2M USDT/24h
2026-08-06 03:39:08,945 [INFO]   72. ✅ KAITO_USDT         2M USDT/24h
2026-08-06 03:39:08,945 [INFO]   73. ✅ GIGGLE_USDT        2M USDT/24h
2026-08-06 03:39:08,945 [INFO]   74. ✅ ATOM_USDT          2M USDT/24h
2026-08-06 03:39:08,945 [INFO]   75. ✅ EVAA_USDT          2M USDT/24h
2026-08-06 03:39:08,945 [INFO] Paires a scanner : 75
2026-08-06 03:39:09,432 [INFO] Balance MEXC : 18.09 USDT | Equity: 18.09
2026-08-06 03:39:09,432 [INFO] Scan de 75 paires (desequilibre 6 exchanges d'abord)...
2026-08-06 03:39:16,851 [ERROR] [Klines Spot] PAXG_USDT 4h: 400 Client Error: Bad Request for url: https://api.mexc.com/api/v3/klines?symbol=PAXGUSDT&interval=4h&limit=200
2026-08-06 03:39:17,804 [ERROR] [Klines Spot] FILECOIN_USDT 4h: 400 Client Error: Bad Request for url: https://api.mexc.com/api/v3/klines?symbol=FILECOINUSDT&interval=4h&limit=200
2026-08-06 03:39:21,222 [INFO] Aucun signal valide sur ce cycle.
2026-08-06 03:39:21,222 [INFO] 
====================================================================
2026-08-06 03:39:21,222 [INFO]   PAPER TRADING — aucun trade cloture pour l'instant
2026-08-06 03:39:21,222 [INFO]   Positions simulees en cours : 0
2026-08-06 03:39:21,222 [INFO] ====================================================================
